App,Store,App ID,Review ID,Country,Version,Rating,Date,Author,Subject,Body,Translated Subject,Translated Body,Emotion,Device
Firefox Web Browser,iOS,989804926,2235139473,Saudi Arabia,10.6,5,2018-02-22,samajuma,Good,Good app,,,delighted,
Firefox Web Browser,iOS,989804926,2231537409,Finland,10.6,1,2018-02-21,Josper Knutas,Käyttökelvoton,"Toimii ok jonkin aikaa. Useampien välilehtien kanssa alkaa hetken päästä ”hajoamaan”. Sivut eivät lataudu loppuun, ruudun päivitys lagaa, ei ota vastaan linkkien klikkauksia, jne. Ikään kuin loppuisi puhti selaimesta hetken jälkeen.
Seuraava!",unusable,"Works ok for a while. With several tabs you start to &quot;break up&quot; for a while. The pages do not end up, the screen update lags, does not accept link clicks, etc. As long as it does run out of browser shortly after. Next!",,
Firefox Web Browser,iOS,989804926,2231705401,Italy,10.6,2,2018-02-21,timberlake_27,Buona da migliorare moltissimo,"Per chi come me usa intensivamente il browser Firefox questa app è consigliata perché ci permette di avere  tutto a portata di tap. Ovvio che però bisogna migliorarla davvero tanto.. ho notato diversi problemi: consumo eccessivo, rendering delle pagine davvero troppo lento e molto spesso con impuntamenti, impossibilità di decidere l’ordine delle schede aperte, scrolling delle schede e dei siti fin troppo scattoso, apertura lentissima e non c’è la possibilità di avere un adblock integrato o da integrare. Miglioratela .",Good to improve a lot,"For those who like me intensively use the Firefox browser this app is recommended because it allows us to have everything at your fingertips. Of course, but you have to improve it really .. I noticed several problems: excessive consumption, rendering pages really too slow and very often with jeopardizing, inability to decide the order of open tabs, scrolling tabs and sites too snappy, opening very slow and there is no possibility of having an integrated adblock or to be integrated. Improve it.",,
Firefox Web Browser,iOS,989804926,2229547441,Canada,10.6,1,2018-02-20,Scotsman in Calgary,No ad/tracking block on iOS 10.3.3-useless,"Can't install FF focus on 10.3.3. Had to try 'normal' Firefox. 
Pros: quite fast, despite ads and trackers loading.
Cons: ads & trackers loading means lots of data being chewed through and screen space crowded by junk. Quite fast but useless compared to 'Brave' browser for saving data on your plan. Back to Brave browser it is then...",,,sad,
Firefox Web Browser,iOS,989804926,2229462594,China,10.6,1,2018-02-20,Doublejian,简直垃圾,用手机火狐看视频，开始是连着wifi的，后来可能断了，什么提醒都没有就在跑流量了，特么的3个G的流量分分钟就没了，直接弄得手机欠费，真心不敢用了！,Just rubbish,"Watch the video with a mobile phone Firefox, the beginning is connected wifi, and later may be broken, what are the reminders are not running traffic, and special 3 G traffic minutes minutes gone, the direct result of mobile arrears, sincere Not used!",,
Firefox Web Browser,iOS,989804926,2229249411,Saudi Arabia,10.6,5,2018-02-20,أبوكمہٰٖال,روووعةةةة,متصفح رائع وسريع في التحميل يستحق ٥ نجوم,روووعةةةة,A great and fast browser in the download is worth 5 stars,,
Firefox Web Browser,iOS,989804926,2229115520,Ireland,10.6,2,2018-02-20,pietoff,Passwords don’t save,My logins page won’t load up and the passwords for websites won’t save,,,meh,
Firefox Web Browser,iOS,989804926,2229025859,Japan,10.6,2,2018-02-20,アナギン,拡張機能がない,パソコンでは拡張機能があったのに、アプリ版だとない,There is no extension,"Although there was an extended function on a personal computer, it is not an application version",,
Firefox Web Browser,iOS,989804926,2228334801,Russia,10.3,2,2018-02-20,Mafi_KIS,Не доработана.,Половина flash анимации не проигрывается. При закрытии вкладок продолжает воспроизведение медиа контента. Требуется перезапуск. Постоянные зависания. Можно продолжать дальше... Вместо работы одна нервотрепка.,Not finalized.,"Half of the flash animation is not played. When you close the tabs, the media content continues to play. A restart is required. Constant freezing. You can continue on ... Instead of work, one&#39;s hassle.",,
Firefox Web Browser,iOS,989804926,2227439502,USA,10.6,5,2018-02-20,shareza.moh47@,the best and best apps,this apps is the good for iranian,,,happy,
Firefox Web Browser,iOS,989804926,2227291836,USA,10.6,3,2018-02-20,yue_4d,Can not find any way to save pdf or image,There is no option for saving pdf and image at all. This is a very basic function.,,,happy,
Firefox Web Browser,iOS,989804926,2226825222,Brazil,10.6,5,2018-02-19,Arlan Froz,Perfeito!,"Ótimo navegador, leve, muito rápido, boa qualidade, o visual do app é muito top. Recomendo é melhor quero Chrome!",Perfect!,"Great browser, lightweight, very fast, good quality, the look of the app is very top. I recommend it better I want Chrome!",,
Firefox Web Browser,iOS,989804926,2226034576,Italy,10.6,5,2018-02-19,"sms,w",B,Non la ho ancora provata,B,I have not tried it yet,,
Firefox Web Browser,iOS,989804926,2224445160,France,10.6,4,2018-02-19,Novezan,Très bien mais...,"Excellente application, cependant il me manque deux petites choses :

- Pour les applications de messagerie, rajouter ProtonMail. 

- Pouvoir démarrer directement en mode navigation privée. 

Merci de proposer Firefox sur iOS !!!",Very good but ...,"Excellent application, however I miss two things: - For messaging applications, add ProtonMail. - Be able to start directly in incognito mode. Thank you for proposing Firefox on iOS !!!",,
Firefox Web Browser,iOS,989804926,2224046170,USA,10.6,5,2018-02-19,Pangogirl,Awesome web browser!,"I use Firefox every day on my computer so I thought I’d try it out on my phone. It’s great! Has some extra features different than safari. It feels snappier than safari, and I like being able to sync my Mozilla account with my phone and pc. It’s pretty simple to use and you get used to it within a day.",,,delighted,
Firefox Web Browser,iOS,989804926,2223023981,Russia,10.6,1,2018-02-18,iRedAngel,Удаляю,Все хуже и хуже..,Delete,Worse and worse..,,
Firefox Web Browser,iOS,989804926,2222729543,USA,10.6,1,2018-02-18,tmcendree,Sends Data to Cliqs,"Firefox for iOS has source code that sends data to Cliqs, a company that analyzes browsing history. Firefox isn’t private.",,,,
Firefox Web Browser,iOS,989804926,2222690325,Russia,10.6,5,2018-02-18,farGreenOrk,Нужна простота,"Не хватает простоты как в Chrome.

Режим для чтения до сих пор ужасен.",Need simplicity,There is not enough simplicity in Chrome. The mode for reading is still terrible.,,
Firefox Web Browser,iOS,989804926,2219884535,Germany,10.6,2,2018-02-17,erikfroehlich88,Firefox,...wo bleiben die Addons für iOS?!,Firefox,... where are the addons for iOS ?!,,
Firefox Web Browser,iOS,989804926,2219384384,USA,10.6,4,2018-02-17,BlazeDust,"Please,make similar.",Can you add add-ons like android version?,,,,
Firefox Web Browser,iOS,989804926,2218519304,Germany,10.6,1,2018-02-17,Igor7012,Symbolleiste,Ohne Leseleiste im Symbolleiste uninteressant.,toolbar,Without reading list in the toolbar uninteresting.,,
Firefox Web Browser,iOS,989804926,2217423629,France,10.6,3,2018-02-17,InfamousBasterds,Sharing sucks,"You guys made it so annoying to share something or use 1password now 😞
Replace the Reload with Sharing you twats.",,,sad,
Firefox Web Browser,iOS,989804926,2215875160,Indonesia,10.6,5,2018-02-16,amak krebo,👍🏻,Muantep tenan e kie!!!!!!!!,👍🏻,Muantep have and where !!!!!!!,,
Firefox Web Browser,iOS,989804926,2215536301,Australia,10.6,2,2018-02-16,ChrisAndAf,Plagued with issues,"I can’t understand why there are not more negative reviews of Firefox from IOS11 users. Pages often fail to render properly, sometimes going to black and becoming unrecoverable. The browser is also slower than Safari.",,,sad,
Firefox Web Browser,iOS,989804926,2214950423,China,10.6,3,2018-02-16,_(:3 )=,功能不全,"开启夜间模式，网页是黑了，但UI界面却仍是白色。

一些网页已经可以显示了，只是部分资源仍在加载，这时滚动网页完全可以隐藏UI。

部分需要全屏显示的单页应用，UI却不会自动隐藏。",Incomplete,"Turn on night mode, the page is dark, but the UI interface is still white. Some pages can already be displayed, only part of the resources are still loading, then scroll the page completely hidden UI. Part of the single-page application needs full-screen display, the UI does not automatically hide.",,
Firefox Web Browser,iOS,989804926,2214749769,Vietnam,10.6,2,2018-02-16,Gundam98,Not bad,No support vietnamese,,,,
Firefox Web Browser,iOS,989804926,2213894171,Poland,10.6,5,2018-02-16,KozaBoomCykCyk,Super przeglądarka,"Szybsza od safari, mniej baterii używa podczas przeglądania. Można na PC zainstalować Mozillę i działa wtedy dobrze synchronizacja i lista do przeczytania. Tryb czytnika trochę gorszy niż safari , ale i tak jestem z niego zadowolony.",Super browser,"Faster than Safari, uses less battery when browsing. You can install Mozilla on a PC and it works well with a synchronization and a list to read. Reader mode a little worse than safari, but I&#39;m happy with it anyway.",,
Firefox Web Browser,iOS,989804926,2212576201,USA,10.6,1,2018-02-15,boyfromthedwarf9,Total garbage. Nor sure if it's a scam app pretending to be Firefox.,Might report to Apple. I don't think the Firefox I've used since Firebird .6 would force click bait ads on my new tab screen.,,,angry,
Firefox Web Browser,iOS,989804926,2211938796,China,10.6,1,2018-02-15,销售即狗,浏览长图很糟糕,软件连个“反馈”功能都没，有反馈选项反馈不出去啊，在这评不知开发者看不看得到…用火狐点进微博，看长图的话移几下就跳出去了，如果你能把长图内容看完整了算我输好吗我的哥啊……orz,Browsing the long picture is terrible,"The software even a &quot;feedback&quot; function are not feedback options do not go out ah, in this evaluation I do not know if the developer can not see ... with the Firefox point into the micro-Bo, to see if the long figure to move a few jump out, if you I can see the long picture of the whole count forget I lost my brother ah ... ... orz",,
Firefox Web Browser,iOS,989804926,2211186679,Australia,10.6,1,2018-02-15,Cribbzy,Very annoying,"I expected this app to be a good alternative to chrome and safari but my expectations were trampled upon when I was met with videos glitching back a couple seconds, app crashes and videos loading for a minute then freezing which I’d then refresh the page only to go through the same thing. Hopefully they fix this soon, or I’m going back to the other browsers",,,angry,
Firefox Web Browser,iOS,989804926,2209036661,Chile,10.6,3,2018-02-15,Metalraider86,"Buen navegador, pero con problemas con webpay","Fiel usuario de Mozilla desde sus comienzos, pero no me permite realizar compras con webpay, n utilizar bloqueadores de publicidad.. favor solucionar.
Si reparan el error subiría su calificación.","Good browser, but with problems with webpay","Faithful user of Mozilla since its inception, but does not allow me to make purchases with webpay, n use advertising blockers .. please solve. If they repair the error, their rating would go up.",meh,
Firefox Web Browser,iOS,989804926,2204805137,China,10.6,3,2018-02-13,兔子牛的组合啦,底栏隐藏不掉啊？,底栏隐藏不掉啊？功能太单一了吧？,Can not hide the bottom bar?,Can not hide the bottom bar? Function is too single?,,
Firefox Web Browser,iOS,989804926,2204124231,Turkey,10.6,5,2018-02-13,ficitu,Başarılı uygulama,perfect very good 👏👏👏,Successful application,perfect very good 👏👏👏,delighted,
Firefox Web Browser,iOS,989804926,2202370581,United Kingdom,10.6,3,2018-02-13,Cerberus333,Problem loading most web pages,Pages only partially or half load on content heavy sites. Using an iPad 2017.,,,meh,
Firefox Web Browser,iOS,989804926,2200657391,Spain,10.6,1,2018-02-12,eliezer_,Imagen dentro de Imagen,"Al reproducir un vídeo y seleccionar la opción “Imagen dentro de Imagen”, Firefox deja de funcionar.",Image in Image,"When playing a video and selecting the option &quot;Image in Image&quot;, Firefox stops working.",,
Firefox Web Browser,iOS,989804926,2199675192,Mexico,10.6,3,2018-02-12,Ivan ponch,No se descargan los textos en PDF,No puedo visualizar pdf y mucho menos los puedo descargar tengo que cambiar  de app para poder descarga lo que necesito,PDF texts are not downloaded,I can not visualize pdf and much less I can download them I have to change the app to download what I need,,
Firefox Web Browser,iOS,989804926,2199545134,USA,10.6,2,2018-02-12,Damnett,What,"If I have more than two tabs open, the bottom half of pages I’m viewing disappears, and I can’t refresh or reload the page to get it back. Stupid.",,,meh,
Firefox Web Browser,iOS,989804926,2197904608,USA,10.6,2,2018-02-12,INC㋡GNITO,Часто вылетает,"Ещё не корректно работает с некоторыми сайтами, например с Drive2.ru. Пока пишешь там пост, приложение может подвиснуть или вылететь, и часовой труд написания поста - насмарку. Протестировано на iPad Pro. Исправьте.

Upd (12.02.2018):
С выходом обновления 1 февраля, ситуация с вылетами не изменилось. 
Те, кто пишет блоги, имейте в виду - или постоянно сохраняйте текст, или используйте др. браузер, т.к. этот совершенно не готов к такой работе, виснет и вылетает, даже при 4х вкладках (с меньшим кол-вом не пробовал работать).",Often crashes,"It does not work correctly with some sites, for example with Drive2.ru. While writing a post there, the application can hang or fly, and the hour labor of writing the post is a nuisance. Tested on iPad Pro. Correct. Upd (12.02.2018): With the release of the update on February 1, the situation with departures has not changed. Those who write blogs, keep in mind - or constantly save the text, or use another browser, tk. this one is completely unprepared for such work, hangs and crashes, even with 4 tabs (with fewer counts I have not tried to work).",,
Firefox Web Browser,iOS,989804926,2197846262,USA,10.6,1,2018-02-12,DM Photog,Frequent lockups and crashes,"I like using Firefox for the simple fact that it is not as commercialized as google. However, the app will often go about 5-10 minutes before going black screen, and closing completely. This can happen sooner depending on how quickly I am surfing. 

I will use it more if they can fix their issues",,,sad,
Firefox Web Browser,iOS,989804926,2196938282,Germany,10.6,1,2018-02-11,Blaubeerchen,Fragwürdige update-Politik,"Wie oft wollt Ihr eigentlich noch die alten update-Texte von Version 10.0 kopieren/wiederholen! Oder muß nan daraus schlussfolgern, daß Ihr die Bugs nach 6 NachfolgeVersionen (10.6) noch immer nicht gepackt habt? 😲",Questionable update policy,How many times do you actually want to copy / repeat the old update-texts from version 10.0! Or does nan have to conclude that you still have not grabbed the bugs after 6 consecutive versions (10.6)? 😲,angry,
Firefox Web Browser,iOS,989804926,2196882659,USA,10.6,4,2018-02-11,Yanlong Li,Icon with black background is ugly,Is it possible to change the background color of icon?,,,meh,
Firefox Web Browser,iOS,989804926,2196840841,Ireland,10.6,1,2018-02-11,TesterJester,Pages not loading fully,I don't know what has happened to this browser but it only half loads pages nearly all the time. It's totally frustrating. I've always been a fan of Firefox since it first launched but this is ridiculous! Please fix. Until then I'm switching to a more reliable browser,,,sad,
Firefox Web Browser,iOS,989804926,2196122298,Canada,10.6,1,2018-02-11,zephyr707,fix sync,please fix sync with older desktop versions. no data is synced with identical credentials despite sync saying it is up to date.,,,sad,
Firefox Web Browser,iOS,989804926,2195575814,Venezuela,10.6,1,2018-02-11,JJMP24,Versión fallida.,Esta versión NO sincroniza los bookmarks del escritorio en el dispositivo iOS aun cuando ambos estén conectados a la misma cuenta de Firefox Sync. No lo instalen hasta que este problema no sea mencionado y corregido por el desarrollador.,Failed version.,This version does NOT synchronize desktop bookmarks on the iOS device even when both are connected to the same Firefox Sync account. Do not install it until this problem is mentioned and corrected by the developer.,,
Firefox Web Browser,iOS,989804926,2195118872,Canada,10.6,1,2018-02-11,Mode Mixer,Latest Patch Buggy,Last eat patch is buggy. Especially on web pages that have video. Mine will no longer load any pages with big media. Disappointed as this was my go to browser.,,,sad,
Firefox Web Browser,iOS,989804926,2193814192,USA,10.6,3,2018-02-11,DavoColo,Still wishing for a few features,"I’m enjoying the wonderfulness of Firefox Photon, especially on the desktop. I’ve never seen the crashes, freezes, sync issues, or partial page loads that others mention. FF always works perfectly for me on iOS (and macOS and Linux for that matter). 

And, to be fair, many of the one-star reviews are from people who don’t know they can configure privacy controls, the homepage contents, Pocket and more — just like they want. That’s user error, not FF guys. 

My issues with FF involve missing features and interface oddities primarily. 

Here’s the main thing: The ability — finally — to edit bookmarks on the mobile device and sync to desktop is still not there. 

Sure, you can save a bookmark in a special “Mobile” folder and sync it back to the desktop version where you can then process it properly, move and rename it, and sync it back to iOS. (Whew!)

That’s a non-starter for me. 

You still can’t edit the bookmark name or URL, or save it into the main bookmark tree via iOS. Safari on desktop and iOS has been capable of this for how many years?

It’s the dealbreaker keeping me from moving to FF full time on iOS. 

My other gripe is the inability to set the app in permanent private mode, or set it to clear history and cookies on close, as you can in the desktop version. These are crucial to those of us who use FF primarily for its finely grained privacy settings. I’m surprised Mozilla has fallen down on this. 

Come on Mozilla, put some of that half-billion in search income into the mobile space! This is crucial for maintaining some kind of viability in the desktop space as well.",,,meh,
Firefox Web Browser,iOS,989804926,2192676688,Germany,10.6,3,2018-02-10,asti 1814,Update 03.02.18,"Das heutige Update verändert das kopieren von Videos...die werden schwammig und unkenntlich...
Ihr verschlechtert euch mit jedem Update immer mehr DANKE",Update 03.02.18,Today&#39;s update changes the copying of videos ... they are spongy and unrecognizable ... You deteriorate with each update more and more THANKS,,
Firefox Web Browser,iOS,989804926,2191082919,USA,10.6,1,2018-02-10,Dor3s,One of the worst browsers,Google Chrome is much better,,,angry,
Firefox Web Browser,iOS,989804926,2190216465,France,10.6,1,2018-02-10,Kazanski690,Nul,"Pas de possibilité de filtrer les pubs car ne gere pas les modules. Le surf avec firefox pour iOS c’est du surf insupportable farci de pubs. Allez hop, classement vertical.",No,"No ability to filter ads because does not manage modules. Surfing with firefox for iOS is unbearable surf stuffed with ads. Go hop, vertical ranking.",,
Firefox Web Browser,iOS,989804926,2188854321,India,10.6,2,2018-02-10,ADAIYAARU AYYAA,Browser,EXCELL,,,,
Firefox Web Browser,iOS,989804926,2188788211,United Kingdom,10.6,2,2018-02-10,Asat93,Uh oh...,"Still my favourite browser, but it only loads half the page for some big pages. A serious issue.",,,meh,
Firefox Web Browser,iOS,989804926,2188627263,Mexico,10.6,1,2018-02-09,Azhira/60/rm,No funciona,Ha de estar en proceso por que no me funciona en iphone 7 plus,It does not work,It must be in process because it does not work on iPhone 7 plus,,
Firefox Web Browser,iOS,989804926,2186088594,Russia,10.6,3,2018-02-09,Недоаольный покупатель айфона,Первое впечатление,"Понравилось:
Оформление, скорость работы в приложении, понравилась скорость сёрфинга и еще понравилась идея синхронизации от устройства к устройству, а не как это обычно хранится на сервере. 

Не понравилось:
Нет возможности группировать и редактировать закладки, прошу разработчиков в следующем обновлении исправить.",First impression,"Liked: The design, the speed of the application, liked the speed of surfing and still liked the idea of ​​synchronization from device to device, and not as it is usually stored on the server. I did not like it: There is no way to group and edit bookmarks, I ask the developers to fix it in the next update.",,
Firefox Web Browser,iOS,989804926,2185360394,USA,10.6,1,2018-02-09,huffgas,Pop-up ads for Firefox Focus,"Keeps popping up ads for Firefox Focus. If I wanted to install Firefox Focus, I would install it. Good apps stay out of the users way, not pester the user.",,,,
Firefox Web Browser,iOS,989804926,2181805689,China,10.6,3,2018-02-08,qq2541173077,老用户说说想法,和pc比，太粗糙了。 尤其是首页，太丑。 完全没有pc上那种精致灵活的感觉，希望美工加油。,Old users talk about ideas,"And pc than, too rough. Especially the home page, too ugly. There is no such kind of exquisite and flexible feeling on the PC, I hope the artist cheer up.",,
Firefox Web Browser,iOS,989804926,2179562670,France,10.6,3,2018-02-07,bertux,Encore un effort,"Ce navigateur a beaucoup progressé ce dernier temps, cependant la rapidité est toujours à l’avantage de Safari.",Another effort,"This browser has progressed a lot this last time, however the speed is always the advantage of Safari.",,
Firefox Web Browser,iOS,989804926,2179498407,United Kingdom,10.6,5,2018-02-07,IainMorrison,By far this is the best Browser for iOS!!,The pages load render much then the Safari Browser does by miles and miles A++=++++,,,,
Firefox Web Browser,iOS,989804926,2178970865,USA,10.6,1,2018-02-07,Anonymous37542914,Too many viruses,One virus ask you to call apple. And prevent you from doing anything else,,,,
Firefox Web Browser,iOS,989804926,2178819927,USA,10.6,2,2018-02-07,Unhappy Camper Pro,Needs Improvement,"Limited functionality, poor performance, slow speeds, but pretty design. I appreciate Mozilla and the developers, but this needs work. The fact that extensions can't be used is a huge negative for a browser that's supposed to be about personalization and quality of experience.",,,meh,
Firefox Web Browser,iOS,989804926,2175329965,Spain,10.6,1,2018-02-06,adrick+++,Monzilla por mal camino,"Muy mal.... firefox siempre fue codigo abierto y ahora es cerrado con actualizaciones de ios.

Os recuerdo que hay mas navegadores , seguir asi que vais fenómenal... Desintalado!",Monzilla astray,"Very bad .... firefox was always open source and is now closed with ios updates. I remind you that there are more browsers, continue so you go phenomenal ... Unpainted!",sad,
Firefox Web Browser,iOS,989804926,2174100102,China,10.6,1,2018-02-06,iuhae,竟然无法编辑书签？,想改书签名字和内容都不行，这种基本功能都没有，真是刷新三观了，佩服佩服,Can not even edit bookmarks?,"Want to change the name and content of the bookmarks will not work, this basic function is not really refresh the three concept, admire admire",,
Firefox Web Browser,iOS,989804926,2174098621,Denmark,10.6,2,2018-02-06,Harry Hairstyles,DOES NOT BLOCK YOUTUBE ADS!!!,"I tried it for a few weeks, and every monetized video on YouTube begins with advertising! Firefox even allows some advertising on some news websites. Not happy about it!",,,happy,
Firefox Web Browser,iOS,989804926,2172792058,Spain,10.6,2,2018-02-06,Aquetemeto,Con IOS se bloquea,En mi caso es un navegador que usaba frecuentemente y he dejado de hacerlo. Interfaz muy buena pero se cuelga con mucha frecuencia.,With IOS crashes,In my case it is a browser that I used frequently and I have stopped doing it. Interface very good but hangs very often.,sad,
Firefox Web Browser,iOS,989804926,2172117788,Macedonia,10.6,5,2018-02-06,B. Mickov,Very good alternative browser for iOS,Firefox has become my favorite alternative browser on iOS. The latest version is very fast and functions very smoothly.,,,happy,
Firefox Web Browser,iOS,989804926,2171225427,USA,10.6,3,2018-02-05,Hezmana ,Great...when it works,"Regularly becomes non-responsive.  It just sits their not moving no mater what you do.  If I close by swiping up, it works for a short time then breaks down again.  Very annoying",,,meh,
Firefox Web Browser,iOS,989804926,2171042557,Turkey,10.6,5,2018-02-05,CÜNEYT KALABALIK,I recommend version 10.6 for IOS 10 users.,I am using IOS 10.3.3 on iPhone5 64GB and iPhone7 32GB. This version (10.6) is working well. I recommend this version for IOS 10 users.,,,happy,
Firefox Web Browser,iOS,989804926,2169509058,Italy,10.6,3,2018-02-05,Bersus,Password sync,It seems password are only syncing on PCs and not on mobile devices.,,,,
Firefox Web Browser,iOS,989804926,2168276278,USA,10.5,4,2018-02-05,DeeM838,Battery usage gone up?,"I can’t be sure, but it feels like the battery usage has gone up in recent releases? Hard to tell, because I’m admittedly using the app more and more.

There’s a few bugs with a few features: night mode glitches out on lots of images (showing inverted photos), and sometimes persists image data from private sessions to ‘normal’ sessions. Occasionally after refreshing a page a few times, the app will not complete loading the body text, and you’ll need you to close a tab and re-open it in a fresh tab. All minor things that you can live with, they’re just enough to keep me from giving this a 5-Star.

Feature-wise, I often find the UX confusing between the two types of expand nav buttons (hamburger menu vs a ‘...’ menu), it’d be great to consolidate these.  I’d love having a chance to re-arrange the nav buttons; I can’t really reach the back button with my right thumb, and it’d be great to move that closer (as it’s my most commonly tapped object!). I’d also love a way to set Firefox as the default web browser, but that’s a Safari/iOS problem.",,,meh,
Firefox Web Browser,iOS,989804926,2165558824,China,10.5,1,2018-02-04,Tjcrjvf,根本保存不了图片,保存的图片从照片里找都是空白的图片，换个浏览器就没问题。,Simply can not save the picture,"Saved pictures from the photos are looking for a blank picture, another browser no problem.",,
Firefox Web Browser,iOS,989804926,2164496635,Malaysia,10.5,4,2018-02-04,PsychoGeek,Love it but not perfect,"I love this firefox browser. I already 100% convert from chrome to firefox on both desktop and my mobile (iPhone and iPad). The app pretty neat and on iOS you won’t feel marginal difference from other browser.
To developer : -
- Better bookmark system. If I bookmark a website, it goes under bookmark without giving me option where I can bookmark it. I also can’t edit it. Therefore it requires me to do twice a work to manage my bookmark coz I need to organize it in my desktop
- I do hope integration with other app is better. For example. I’m using gmail and the option to click on link can only allow either launch safari or chrome. I know this is all in gmail developer, but I do hope this will come true. Same goes with other app such as facebook, etc...
- Can have better integration with other app. This one same as before. If I’m using safari I can only have option to either bookmark it but not open on firefox",,,happy,
Firefox Web Browser,iOS,989804926,2164316222,Japan,10.6,3,2018-02-04,まどべねこ,最新版にしたら落ちる,OSアップデートしてもだめだったけど、フFIRE FOXを今日また最新版にアップデートしたらやっと使えるようになった。よかった。←OSをアップデートしたら解消するのだろうか？？？ ←iPhone7で使用してます。開いたとたんに落ちます。再起動してもだめで、何も見られず困っています。,I will fall if I update it,"Even if I updated the OS, it was useless, but updating FIFO FOX to the latest version today has finally enabled me to use it. Was good. ← Will it resolve when updating the OS? What? What? ← I use it on iPhone 7. It will fall as soon as it opens. It is useless to restart, I can not see anything and I am in trouble.",,
Firefox Web Browser,iOS,989804926,2164047642,USA,10.6,1,2018-02-03,ElKePoN,Design & privacy,"Design:
The photon stuff looks, how to put it nicely... pathetic. It’s ugly, the design is big, I mean, I stopped using fox and went to chrome for a while and now when I come to firefox everything seems so big (desktop), the font, the nav bar, plus those absolutely ugly gray folders in the bookmark tab... I tried to give firefox another chance but I just can’t browse everyday with that ugliness, if it were the only browser Oh well... but there are choices. Fire those designers because you are losing thousands of people...

Privacy:

How can you send a do not track me request instead of actually blocking it...? Not so private after all...",,,sad,
Firefox Web Browser,iOS,989804926,2163827591,Canada,10.6,5,2018-02-03,Realsupernickname1,Works well,"Works well on IPP and iPhone, no complaints",,,meh,
Firefox Web Browser,iOS,989804926,2163634695,USA,10.5,2,2018-02-03,saidinjest,Can’t fill out forms,"When I touch a form on a website, the cursor is far below it, and it’s difficult to fill anything out. Until that is fixed, I am stuck going back to Safari every time I want to fill out a form.",,,sad,
Firefox Web Browser,iOS,989804926,2163314660,USA,10.5,2,2018-02-03,DufusM,No longer stable,"It looks like all the new features in Firefox iOS are contributing to a more basic problem - stability. I’ve experienced quite basic bugs in this browser that I don’t see in chrome or safari. 

Crashes when browsing to a restricted site in the latest version. Sometimes runs out of resources and leaves all pages rendered halfway - only a force kill can recover from this. 

Hope there is a re-focus on stability to actually provide a reasonable alternative to chrome and safari.",,,angry,
Firefox Web Browser,iOS,989804926,2162164529,Lithuania,10.5,1,2018-02-03,Mindy1970,Basterds,Whats going on??? After update all bookmarks gone??? 0.1 star of 5. Im deleting this s*it.,,,angry,
Firefox Web Browser,iOS,989804926,2161888094,USA,10.4,1,2018-02-03,HD streetbob,Crashes,Crashes every single time upon launch. Useless.,,,angry,
Firefox Web Browser,iOS,989804926,2161600062,Nigeria,10.6,5,2018-02-03,Frenzy 😜,"Good Job, Fire Fox! For All The Years of Trust.",I've had an amazing and wonderful experience using Firefox on my apple devices 🤙🏽,,,delighted,
Firefox Web Browser,iOS,989804926,2161058083,Saudi Arabia,10.6,5,2018-02-03,Speedflood,Thanks,Bro,,,,
Firefox Web Browser,iOS,989804926,2159601681,New Zealand,10.6,4,2018-02-02,Chrisgin.com,Seems good so far,"I’ve only just installed it, but so far so good. Only thing is the icon is ugly - get rid of that black background as it looks so garish!",,,happy,
Firefox Web Browser,iOS,989804926,2159176121,USA,10.6,1,2018-02-02,N328KF,One star,One star due to useless update summary.,,,sad,
Firefox Web Browser,iOS,989804926,2159154985,Germany,10.6,3,2018-02-02,Fontspitz,Modus „Ohne Grafiken“ fehlt immer noch,"Der in der App Beschreibung unter Neues erwähnte neue Modus „ohne Grafiken“ fehlt
i m m e r   n o c h , sowohl auf iPhone als auch auf iPad.
Auf manchen Screenshots sieht man die Option „Grafiken ausblenden“, jedoch scheint dies nicht in der endgültigen Version gelandet zu sein. Es hat mich über eine halbe Stunde der Suche in der App und Recherche im Internet gekostet um festzustellen, dass es nicht an mir liegt sondern an Mozilla.
-> *Opera Mini Web Browser* kann Grafiken ausblenden.",Mode &quot;without graphics&quot; is still missing,"The in the app description under new mentioned new mode &quot;without graphics&quot; is still missing, both on iPhone as well as on iPad. On some screenshots you can see the option &quot;hide graphics&quot;, but this does not seem to have landed in the final version. It took me over half an hour searching the app and researching the internet to see that it was not me but Mozilla. -&gt; * Opera Mini Web Browser * can hide graphics.",happy,
Firefox Web Browser,iOS,989804926,2159066018,Japan,10.5,1,2018-02-02,名古屋の住人,この急激な仕様変更は？,古くからのユーザを混乱させるばかりだ。PC 環境の Fitefox との同期もうまくいかない。iPhone では Firefox は役に立たないようだ。,What&#39;s this sudden change in specification?,It just confuses old users. Synchronization with Fitefox in the PC environment does not go well either. Firefox seems useless on the iPhone.,,
Firefox Web Browser,iOS,989804926,2158368150,USA,10.4,2,2018-02-02,I Love taking on FNN,No photos or images ever load.,I had this app for a few days on my iPhone and everything worked fine. Now Reddit will not load comments and websites won’t load text or anything like that. The same websites and pictures load extremely well on chrome or safari though. Very disappointing because I use Firefox on my desktop.,,,meh,
Firefox Web Browser,iOS,989804926,2158195814,Brazil,10.6,5,2018-02-02,Danbp.org,Ainda usa o browser nativo do iOS,"Esse Firefox é só uma nova roupagem para o Safari do iOS, ele não inclui o engine da Mozilla. Não é culpa da empresa, a Apple proíbe o uso de browsers de terceiros.",Still uses the native iOS browser,"This Firefox is just a new cover for iOS Safari, it does not include the Mozilla engine. Not the company&#39;s fault, Apple prohibits the use of third-party browsers.",,
Firefox Web Browser,iOS,989804926,2158170729,USA,10.6,3,2018-02-02,tilmmmm,Help crash on PDF file unable to save it directly to adobe,"I'm an old user,3/4 of surfing time spent on Firefox. 5 star for Firefox on android,but on iOS Firefox lost it's advantage on downloads management.  emm...if direct download to PDF browser is available things would be a lot better.",,,meh,
Firefox Web Browser,iOS,989804926,2157492000,Japan,10.6,3,2018-02-02,ucm_jp,何が変わったの？バージョン履歴ちゃんと書いて！,"バージョン10になってから色々と改善されてだいぶ使いやすくなりました！ありがとうございます！

デスクトップ版と同じくらい多彩なブックマークの編集機能、待ってます。",What changed? Version history Write properly!,It has been improved a lot since Version 10 has become much easier to use! Thank you! I am waiting for editing features of bookmarks as diverse as the desktop version.,,
Firefox Web Browser,iOS,989804926,2156438824,Japan,10.6,1,2018-02-02,I Never Dies!!,画像無しモードがない,"画像無しモードはiOS10.3では非対応ですか？
Photonもまったく機能していません。バグですか？ 非対応、というだけですか？",There is no image no mode,Does not support image mode in iOS 10.3? Photon is not working at all either. Is it a bug? Is it only said that it is not compliant?,,
Firefox Web Browser,iOS,989804926,2156082415,China,10.6,3,2018-02-02,蔚蓝930,标签问题,标签能不能加到统一的地方啊，非要区别成pc和手机，很麻烦的啊,Tags problem,"Tags can be added to a unified place, ah, have to distinguish between pc and mobile phone, a lot of trouble ah",,
Firefox Web Browser,iOS,989804926,2155124470,Japan,10.5,4,2018-02-01,Vekiy,UIが,UI仕様を決めている人は、このアプリを使ってないような気がする。,UI,People who have decided UI specifications do not seem to use this application.,,
Firefox Web Browser,iOS,989804926,2154906800,Spain,10.6,5,2018-02-01,J lagares,Genial,"Rápido, eficiente y le da 20 vueltas a safari",Great,"Fast, efficient and gives 20 laps to safari",,
Firefox Web Browser,iOS,989804926,2154884488,Australia,10.6,5,2018-02-01,presque vu,Smooth,Easy to use fast browser.,,,delighted,
Firefox Web Browser,iOS,989804926,2154694403,USA,10.6,2,2018-02-01,scottjl,Can't block ads??? 👎🏻👎🏻👎🏻,"Mozilla makes Focus, an ad blocker for iOS but their own browser can't block ads? What's the point. Guess I am stuck with Safari.",,,,
Firefox Web Browser,iOS,989804926,2154498024,Germany,10.6,2,2018-02-01,Mistercinema,Bisher top. Nach neuestem Update kein Start mehr,Schade bisher war ich mehr als zufrieden Firefox auch endlich auf dem iPhone nutzen zu können. Seit dem letzten Update startet die App leidet nicht mehr. Drücke ich auf das Icon zeigt mein iPhone 6 plus ios 10.3.2 keine Redaktion darauf. Bitte schnell wieder fixen.,So far top. After the latest update no more start,Too bad I was more than happy to finally be able to use Firefox on the iPhone. Since the last update the app starts no longer suffers. I press the icon shows my iPhone 6 plus ios 10.3.2 no editorial on it. Please fast fix again.,,
Firefox Web Browser,iOS,989804926,2154450124,Japan,10.6,3,2018-02-01,こんたん,特色がない,"ブラウザとしては悪くないんだけど、デスクトップ版と比較して売りがない。
これぞ火狐という売りが。
せめて検索を下位置にするくらいの対応はしてもらいたい。",I do not have a feature,"Although it is not bad as a browser, there is no selling compared to the desktop version. This is a selling called a fox. I would like you to respond at least as long as searching down.",,
Firefox Web Browser,iOS,989804926,2154363441,Germany,10.6,2,2018-02-01,GruuvyChicken,Keine genauen Update Infos,Das nervt einfach nur,No exact update info,That just annoys,,
Firefox Web Browser,iOS,989804926,2154254174,China,10.6,1,2018-02-01,大叔煮的咖啡,用户体验差,由于工作中应用的软件捆绑火狐，所以只能一直用火狐，在工作中发现一些问题，意见反馈了很多次，到现在还是老样子，差，差，差……,Poor user experience,"As the software bundled in the work of Firefox, so I can only use Firefox, found some problems in the work, comments many times, until now still the same, poor, poor, poor ... ...",,
Firefox Web Browser,iOS,989804926,2154141702,Philippines,10.6,4,2018-02-01,OBYT,Twitter compatibility,No “Open in Firefox” function when using Twitter. Only the “Add to Firefox Reading List” feature is available with Twitter.,,,meh,
Firefox Web Browser,iOS,989804926,2154123998,Japan,10.6,3,2018-02-01,上海蓬莱,アドオンがない,実装予定はないのでしょうか？,There is no add-on,Is there no plan to implement it?,,
Firefox Web Browser,iOS,989804926,2153620540,Russia,10.4,5,2018-02-01,M.igra,Нет звука на сайтах,"Уважаемый Мазила!У вас не включается звук на сайтах и делает это система.Так-же ,очень часто тормозит видео или не включается вообще,все это,делается для дескридитации браузера,хочу чтобы Вы это знали,потому что ,Ваш браузер является лучшим,на сегодняшний день из всех.С Уважением Пользователь,(Когда я включила звук и видео с приложения эпл то звук сразу фантастически включился)))...",No sound on sites,"Dear Mazil! You do not turn on the sound on the sites and make it a system. So, very often the video slows down or does not turn on at all, all this is done for the descriptivation of the browser, I want you to know this because your browser is the best, To date, from all. With respect to the user, (When I turned on the sound and video from the application epl then the sound immediately turned on fantastically))) ...",,
Firefox Web Browser,iOS,989804926,2153370287,Sweden,10.5,3,2018-02-01,RadillacVIII,Missing features and customization,"I do miss the possibility to customize the browser, an adblocker and swipe gestures (see Sleipnir iOS browser) would be highly welcomed additions and make ones browser experience some much enjoyable.",,,happy,
Firefox Web Browser,iOS,989804926,2153022192,Brazil,10.5,1,2018-02-01,Highway180,Qualidade das imagens,"O navegador é rápido, porém a qualidade das imagens deixa a desejar...",Image quality,"The browser is fast, but the quality of the images leaves much to be desired ...",,
Firefox Web Browser,iOS,989804926,2152439548,Russia,10.5,3,2018-02-01,Канамаи,),Не работает пароль и тач айди!!!!!!!! Исправьте!!!!,),The password and touch typing does not work !!!!!!!! Correct !!!!,,
Firefox Web Browser,iOS,989804926,2151824050,USA,10.5,4,2018-02-01,IM Toast,Mashable reporting security flaw...,In Firefox iOs and desktop.,,,,
Firefox Web Browser,iOS,989804926,2151189308,Brazil,10.5,5,2018-01-31,kaik marques,Top no Iphone X,Sem palavras 🤙👏,Top no Iphone X,Lost for words,,
Firefox Web Browser,iOS,989804926,2151165329,USA,10.5,1,2018-01-31,Disgusted201111,Useless,"No bookmarks bar, so it takes at least 3 steps to activate a bookmark. It’s hard to imagine how any serious software developer could release such a crippled product.",,,sad,
Firefox Web Browser,iOS,989804926,2151018851,Japan,10.5,2,2018-01-31,もぐら隊長,Safariには少し劣る,"3D touchに対応してないです。
また、ファイルのダウンロードから他のアプリにコピーすることができないので、別のブラウザーで開かないといけないですね",Slightly inferior to Safari,"It is not compatible with 3D touch. Also, since you can not copy from file download to other applications, you have to open it in another browser",,
Firefox Web Browser,iOS,989804926,2150708492,USA,10.5,5,2018-01-31,Cas1985,Completely revamped,"If you used this browser anytime before the major redesign, you should try it again.",,,,
Firefox Web Browser,iOS,989804926,2149549846,USA,10.5,2,2018-01-31,///Zain,"Very buggy, after many releases still no fixes.","As much as I love the team at Mozilla, their testing team just isn’t doing good. In terms of mobile devices they do not address issues even after many releases. 

Many times the entire app will be unresponsive to any gestures, making you force quit the application and restarting it. Sometimes you also have to close the tab even after a restart. Second, is their copy and paste... you must hold longer than apples normal settings to even copy a link. Normally you could click once on the address bar to select the entire thing but Mozilla thinks we want to edit the middle of our link when we click on it. Another is pop up light boxes are very buggy and become unresponsive. As you’re adding new features please also keep in mind to fix your bugs. I am no longer using this browser after 3 months of skeptical transition to a new browser but it seems I’ll be heading back to chrome for now. Sorry Team @ Mozilla.",,,sad,
Firefox Web Browser,iOS,989804926,2149312380,Japan,10.5,5,2018-01-31,トップスター22,使いやすくなりました,"初めに出た時はどうなることかと思いましたが、待っていて良かった。
デスクトップのQuantumと共に、iPhoneでもこれがメインです。",It became easy to use,"I thought about what happens when I first went out, but I was glad that I could wait. Along with the desktop Quantum, this is also the main on iPhone.",,
Firefox Web Browser,iOS,989804926,2148984227,Turkey,10.5,1,2018-01-31,mernoir,Geçmişi Silme,Tarayıcı geçmişini toplu olarak silemiyoruz.Tek tek seçip silmemiz gerekiyor.,Delete History,We can not delete the browser history in bulk. We only need to select and delete it.,,
Firefox Web Browser,iOS,989804926,2148200902,USA,10.5,1,2018-01-31,Gyreandgimble,Planned obsolescence,"With Apple’s planned obsolescence for iPhones, this app is slower than a Cupertino traffic jam. Terrible. 1 star is too generous.",,,sad,
Firefox Web Browser,iOS,989804926,2146765123,France,10.5,3,2018-01-30,Rocou,Pas de gestion des Mots de passe iCloud,Pas de gestion des Mots de passe iCloud. C’est vraiment dommage.,No management of iCloud passwords,No management of iCloud passwords. It&#39;s a shame.,,
Firefox Web Browser,iOS,989804926,2146558421,France,10.5,5,2018-01-30,xtavian,Excellent 👌🏽,Superbe appli j'ai viré Google Chrome,,,delighted,
Firefox Web Browser,iOS,989804926,2146311625,China,10.5,2,2018-01-30,RealBlueSola,不能上推特,骗人。。,Can not tweet,Lie. .,,
Firefox Web Browser,iOS,989804926,2146017129,China,10.5,5,2018-01-30,liuys4,一般的浏览器,我就是测试一下我的评论什么时候能上去,General browser,I just test my comments when to go up,,
Firefox Web Browser,iOS,989804926,2144399226,Japan,10.5,1,2018-01-30,まどべねこ,最新版にしたら落ちる,OSをアップデートしたら解消するのだろうか？？？ ←iPhone7で使用してます。開いたとたんに落ちます。再起動してもだめで、何も見られず困っています。,I will fall if I update it,"Will it be resolved by updating the OS? What? What? ← I use it on iPhone 7. It will fall as soon as it opens. It is useless to restart, I can not see anything and I am in trouble.",,
Firefox Web Browser,iOS,989804926,2143914908,China,10.5,5,2018-01-30,yorkeleem&lee,PC版的使用習慣保持著。就客戶習慣而言，某公司的U某瀏覽器客戶體驗最佳,PC版的使用習慣保持著。就客戶習慣而言，某公司的U某瀏覽器客戶體驗最佳，這點不可否認，火狐瀏覽器還有改進空間。是否開啟開發捐贈。望告知,"PC version of the habit to keep. As far as customer habits are concerned, a company&#39;s U browser experience is best","PC version of the habit to keep. As far as customer habits are concerned, it&#39;s undeniable that there is still room for improvement in the browser experience of a company&#39;s browser. Whether to start the development of donations. Hope to inform",,
Firefox Web Browser,iOS,989804926,2143037838,USA,10.5,1,2018-01-29,S3th yat3s,CRASH,"Crash 
Open...crash 
Reopen restore tabs... crash 
...Worse than my moms driving",,,angry,
Firefox Web Browser,iOS,989804926,2142787028,Japan,10.5,1,2018-01-29,まどべねこ,最新版にしたら落ちる,iPhone7で使用してます。開いたとたんに落ちます。再起動してもだめで、何も見られず困っています。,I will fall if I update it,"I use it on iPhone 7. It will fall as soon as it opens. It is useless to restart, I can not see anything and I am in trouble.",,
Firefox Web Browser,iOS,989804926,2142018787,USA,10.5,5,2018-01-29,JudahBarr,It’s better,"I like it a lot more then chrome now! I used to be a big chrome user, but after 
I heard about firefox’s new design change in beta I have been using it to join all my apple devices with my windows devices and the experience has been great. Given you can do that with chrome as well, but Firefox seems to be faster and easier to use just in general.",,,happy,
Firefox Web Browser,iOS,989804926,2140465216,China,10.5,3,2018-01-29,化德,阅读模式要改进,新的阅读模式不好用了，要左右滑动的，最好上下翻页即可，无需左右操作,Reading mode to improve,"The new reading mode is not easy to use, to slide around, the best flip up and down, no need to operate",,
Firefox Web Browser,iOS,989804926,2140247332,Russia,10.4,3,2018-01-29,Zhuhliy,"В целом отлично, но...","В один прекрасный момент браузер перестал загружать изображения, в то время как в safari все работает как надо. Прото цветные квадраты вместо jpg картинок.","Overall excellent, but ...","At one point the browser stopped uploading images, while in safari everything works as it should. Proto colored squares instead of jpg images.",,
Firefox Web Browser,iOS,989804926,2138356469,Japan,10.5,1,2018-01-29,IDOL-LOVE,落ちる,開いて、ページを表示する時に落ちる。,drop down,It opens and falls when displaying the page.,,
Firefox Web Browser,iOS,989804926,2137798506,India,10.5,5,2018-01-28,Sahil S.K,جیلانی گلزار,"سوچتا ہوں گزرے گی کیسے زندگی
قرض رہ  گئ  ہے محبت تمھاری 
جیلانی گلزار",Jailani Gulzar,I think how to live life is your love for you,,
Firefox Web Browser,iOS,989804926,2137483699,Germany,10.5,5,2018-01-28,Davide Lorenzon,Auch 10.5 einwandfrei!,Seit der Umstellung auf Photon Design schbelle Aktualisierungen und sehr stabiles Surfen.,Also 10.5 perfect!,"Since switching to Photon Design, there have been some updates and very stable surfing.",,
Firefox Web Browser,iOS,989804926,2137228363,Brazil,10.4,2,2018-01-28,AndreKrieg,Can’t sync my bookmarks,Não sincroniza os favoritos com o do desktop...,,,,
Firefox Web Browser,iOS,989804926,2136858272,Russia,10.5,5,2018-01-28,поиотл,Алплат,Рараоао,Alplat,Raraoao,,
Firefox Web Browser,iOS,989804926,2136313748,France,10.5,4,2018-01-28,Pandinus57,Enfin !,"Enfin, un bon navigateur, aussi bon que sur pc",Finally !,"Finally, a good browser, as good as on pc",,
Firefox Web Browser,iOS,989804926,2135938530,Spain,10.5,1,2018-01-28,adrick+++,Pesimo,"No tiene soporte de flash ni chrome o Safari , una basura como todos los navegadores para móviles 

Vaya tarugos premiando un navegador incompleto",Appalling,"It has no flash or chrome support or Safari, a garbage like all mobile browsers Vaya tarugos rewarding an incomplete browser",,
Firefox Web Browser,iOS,989804926,2135660924,Sri Lanka,10.5,5,2018-01-28,malithrw,Best browser for mobile!,World’s best open source browser for iOS. Nuff said.,,,happy,
Firefox Web Browser,iOS,989804926,2135256883,Russia,10.5,3,2018-01-28,Рафаэль Мавлиханов,Дизайн,"Честно, это очень хороший браузер, с достаточно длинной историей, но дизайн, откровенно, очень старый, просто не приятно таким пользоваться. Сделайте все как-нибудь по современнее, минималистичнее.",Design,"Honestly, this is a very good browser, with a fairly long history, but the design, frankly, very old, just not pleasant to use. Make it somehow modern, minimalistic.",,
Firefox Web Browser,iOS,989804926,2134239545,Germany,10.5,1,2018-01-27,Husky1,Stürzt dauernd ab !!!,Stürzt dauernd ab nach neuestem Updaten !!!! Hoffe ihr behebt den Fehler sofort !!!!,Always crashes !!!,Always crashes after the latest update !!!! Hope you fix the mistake immediately !!!!,,
Firefox Web Browser,iOS,989804926,2133695313,Romania,10.4,3,2018-01-27,Nime-n lume,No pinch to zoom?,"That's all I have to say. Also, add support for Firefox themes.",,,,
Firefox Web Browser,iOS,989804926,2133353173,Switzerland,10.4,3,2018-01-27,tyeg,Identifiants,"La liste d’identifiants ne s’affiche plus, et charge dans le vide!!",Identifiers,"The list of identifiers is no longer displayed, and load in a vacuum !!",,
Firefox Web Browser,iOS,989804926,2133352904,USA,10.4,5,2018-01-27,S67star,Good browser,"Once you get used to it, it works great. I like it. At least they believe in privacy.",,,happy,
Firefox Web Browser,iOS,989804926,2133075518,India,10.5,3,2018-01-27,aaravindan9,Remove the font bar in reading mode,"Hi Team,
Please remove the font settings bar once the read mode is turned on as it’s taking more space.",,,happy,
Firefox Web Browser,iOS,989804926,2132840846,China,10.5,1,2018-01-27,玩甲,可以呢,可以呢,Can it be?,Can it be?,,
Firefox Web Browser,iOS,989804926,2132551921,Brazil,10.5,5,2018-01-27,Leandroxe,THE BEST,"O melhor de todos, rápido, eficiente e leve!!!",THE BEST,"Best of all, fast, efficient and light !!!",,
Firefox Web Browser,iOS,989804926,2132228595,France,10.5,2,2018-01-27,Seb559,Manque 3D touch pour les liens,"Navigateur assez confortable.
On note de gros progrès fait sur cette dernière version. Manque le support du 3D touch pour prévisualiser les liens!!
Merci de faire des release notes valide!

Nice version. A lot of usability improvmements on this last version. However, firefox is lacking the support of 3D touch to preview links. This is a must have!!
Also please provide release notes instead of copying and pasting the same thing on each releases!",Miss 3D touch for links,"Navigateur assez confortable.
On note de gros progrès fait sur cette dernière version. Manque le support du 3D touch pour prévisualiser les liens!!
Merci de faire des release notes valide!

Nice version. A lot of usability improvmements on this last version. However, firefox is lacking the support of 3D touch to preview links. This is a must have!!
Also please provide release notes instead of copying and pasting the same thing on each releases!",,
Firefox Web Browser,iOS,989804926,2131529615,Kazakstan,10.5,1,2018-01-27,Безделн&К,Убийцы!!!,Что Вы сделали!? Где те фирменные фишки??? За что теперь любить этот браузер? Он стал таким же обыкновенным браузером как все другие ничем не отличающимся. Зачем я обновился. Преждняя версия была 100раз лучше! Зачем мне теперь этот браузер когда есть более шустрый стандартный браузер???,The killers!!!,What did you do !? Where are those company chips ??? For that now love this browser? It became the same ordinary browser as all the others are no different. Why I updated. The previous version was 100 times better! Why should I now this browser when there is a more nimble standard browser ???,,
Firefox Web Browser,iOS,989804926,2130698068,Turkey,10.5,5,2018-01-27,enginozturk,İnanılmaz Ötesi,Kesinlikle kusursuz gizlilik ve güven için tercihiniz Firefoxdan yana olmalı. Yeni sürümüyle performans açısından da rakiplerine bende varım demeyi başaran harika bir tarayıcı. (Güncelleme notlarıda güncellense keşke.),Beyond Incredible,You should definitely opt for Firefox for absolute privacy and trust. It is a great browser that has succeeded in saying that I have come to the competition with the new version in terms of performance. (I wish to update the update notes.),,
Firefox Web Browser,iOS,989804926,2130434987,Mexico,10.5,4,2018-01-26,adrianpusheen,It needs better bookmark management,"Also, I would like a more Applesque design.",,,,
Firefox Web Browser,iOS,989804926,2130430616,Taiwan,10.5,4,2018-01-26,Yosta Liu,書籤功能殘缺,不能排順序、不能修改，只能刪除重來,Bookmarks incomplete function,"Can not be sorted, can not be modified, only to delete the re-come",,
Firefox Web Browser,iOS,989804926,2130286708,United Kingdom,10.5,3,2018-01-26,Legneeuk,What has actually changed?????,"Amongst other things, the menu has not changed. You still have to deep click to open the Homepage! 
Try Google!",,,,
Firefox Web Browser,iOS,989804926,2129810799,Germany,10.5,1,2018-01-26,Turtano,No way pocket,"Hello Firefox team, 

i can't accept pocket.

 Every day on my screen i see this monkey face donald trump. 

When you not give me the possiblility to the delete pocket i will delete complete Firefox.

It's not acceptable that you show me weard news who i don't like.",,,angry,
Firefox Web Browser,iOS,989804926,2129763995,United Kingdom,10.5,1,2018-01-26,Brumyum,Logins still not working,Just updated iPhone X logins still not working please fix thanks,,,sad,
Firefox Web Browser,iOS,989804926,2129218909,USA,10.5,4,2018-01-26,TN787,New look?,Exactly the same. What’s new?,,,,
Firefox Web Browser,iOS,989804926,2128521004,USA,10.5,2,2018-01-26,JoePatriot,10.5,Looks no different than previous version. What’s the big deal???,,,,
Firefox Web Browser,iOS,989804926,2128476861,Germany,10.5,3,2018-01-26,Fontspitz,Modus „Ohne Grafiken“ fehlt immer noch,"Der in der App Beschreibung unter Neues erwähnte neue Modus „ohne Grafiken“ fehlt einfach, sowohl auf iPhone als auch auf iPad.
Auf manchen Screenshots sieht man die Option „Grafiken ausblenden“, jedoch scheint dies nicht in der endgültigen Version gelandet zu sein. Es hat mich über eine halbe Stunde der Suche in der App und Recherche im Internet gekostet um festzustellen, dass es nicht an mir liegt sondern an Mozilla.",Mode &quot;without graphics&quot; is still missing,"The new mode &quot;without graphics&quot; mentioned in the app description under New is simply missing on both the iPhone and the iPad. On some screenshots you can see the option &quot;hide graphics&quot;, but this does not seem to have landed in the final version. It took me over half an hour searching the app and researching the internet to see that it was not me but Mozilla.",happy,
Firefox Web Browser,iOS,989804926,2128099348,China,10.5,5,2018-01-26,zoenbo,app图标没有以前好看,现在的图标是真不好看，还是喜欢以前白底的那个。希望下个版本能改变一下,app icon did not look good before,"Now the icon is really not good, or like the previous white. I hope the next version can change",,
Firefox Web Browser,iOS,989804926,2127999885,Israel,10.5,1,2018-01-26,Wd75,Why you don’t write update changes???,"I really like this browser and i use it on my pc and my iPhone !! But why you do-not have dedicated webpage (like the pc version Firefox) with all the updates Changes listed??? Please when you update the browser for iOS write the changes in the AppStore app description update (bug fix, new interface etc) and make webpage dedicated fir iOS Firefox only with all changes log it have each update.",,,angry,
Firefox Web Browser,iOS,989804926,2127889152,United Kingdom,10.4,1,2018-01-26,BigMfic,"UNUSEABLE + OH SO SLOW ,  CUTS OFF ALL CONTENT AFTER PAGE AND A HALF","Dreadful , and no ZERO star available

Takes ages to load",,,angry,
Firefox Web Browser,iOS,989804926,2127391912,Russia,10.5,1,2018-01-26,Katherine Schwarz,На пути к успеху,"1. Сделайте поддержку старых iOS
2. Добавьте дополнения или возможность блокировать рекламу
3. Измените окно всех вкладок, это очень неудобно. Возьмите пример с браузера iOS.
4. Сильно тормозит ввод в адресную строку
5. Очень долго запускается если выгружен из озу",On the way to success,"1. Make support for older iOS 2. Add add-ons or the ability to block ads 3. Change the window of all tabs, it&#39;s very inconvenient. Take an example from the iOS browser. 4. Strongly inhibits the input to the address line 5. It takes a very long time to run if unloaded from the OSE",,
Firefox Web Browser,iOS,989804926,2126582573,Australia,10.4,4,2018-01-25,HSMC7423,Same problem as chrome,"Both of the stores, chrome and mozilla, don’t support extensions or themes! I don’t know why, and it is really frustrating. Please change this, thank you.",,,meh,
Firefox Web Browser,iOS,989804926,2126021209,Germany,10.4,4,2018-01-25,H1,Mit Sync der Bookmarks,...Endlich,With sync of bookmarks,...Finally,,
Firefox Web Browser,iOS,989804926,2125762703,Greece,10.4,5,2018-01-25,Alxts,Amazingly fast,Η βελτίωση που έχει γίνει είναι απίστευτη. Ειδικά στα θέματα απορρήτου και ιδιωτικότητας δεν υπάρχει καλύτερο. Όσον αφορά την ταχύτητα περιήγησης ίσως είναι αυτή τη στιγμή ο γρηγορότερος.,Amazingly fast,"The improvement that has been made is incredible. Especially in matters of privacy and privacy there is no better. As for the speed of browsing, it may be the fastest at the moment.",,
Firefox Web Browser,iOS,989804926,2125224899,United Kingdom,10.4,3,2018-01-25,Gary C78,Saved Login fails,"Unfortunately I have to go back to safari. Firefox looks and feels better but it’s not saving my logins and most sites I visit require me to login. Having various passwords I need a browser that saves every login name and password and so far I cannot get Firefox to remember a single login 

Until this is fixed I won’t have the patience to use your browser",,,meh,
Firefox Web Browser,iOS,989804926,2124675704,Russia,10.4,3,2018-01-25,Gens777,Не очень!,Почему нет расширений?,Not really!,Why are there no extensions?,,
Firefox Web Browser,iOS,989804926,2123815814,USA,10.4,2,2018-01-25,fjpoblam,Bookmarks not editable AFAIK; can’t “view source”; no “Open in”,"Advantage over Safari? Granular control over what parts of browser data may be purged: JUST history or JUST cookies or JUST cache… (Safari gives you all or nothing). And you can ship “mailto” links elsewhere instead of Mail.

Beyond that, nothing. Can’t edit bookmarks AFAIK except by editing on laptop. Syncing is slovenly. Can’t “view source” (easy with a tricky Safari bookmark).

The Mozilla folk didn’t see fit to register Firefox as an app available in the Share activities (“Open In”). Heck, I can open most stuff even in my Wikipedia reader app. It should be no big deal for Mozilla to get Firefox down in the list.

Bookmarks, view source, open-in: dealbreakers for me.",,,happy,
Firefox Web Browser,iOS,989804926,2123563770,Japan,10.4,5,2018-01-25,manbo888,Chromeに負けない。,"Chromeに負けない位の早さで使ってます。
非営利団体として素晴らしい",Do not defeat Chrome.,I use it as soon as I can not lose to Chrome. It is wonderful as a nonprofit organization,,
Firefox Web Browser,iOS,989804926,2123536829,USA,10.4,4,2018-01-25,Mr. PJ Crabtree,Add 3 Touch for 5 Stars,This is all that is stopping me from using this on all my devices,,,happy,
Firefox Web Browser,iOS,989804926,2122198148,USA,10.4,3,2018-01-24,WebThingy,Good & Bad,"I really wish you would allow private browsing by default, Safari & Brave do it, and Focus is not the answer (none of the other features I need in it).
Brave really has it down, you can turn things on and off as you wish, better control over defaults, without having to make two browsers.
I love Firefox on Desktop but the iOS version leaves me frustrated. I would love to use Firefox for iOS and utilise Sync with my desktop version of Firefox, but you ask me to give up too much to do that.",,,happy,
Firefox Web Browser,iOS,989804926,2121640893,Germany,10.4,5,2018-01-24,",.-+’*#",Nice alternative,"feature request
- bookmark sorting",,,,
Firefox Web Browser,iOS,989804926,2121577948,USA,10.4,1,2018-01-24,MildCaffeLatte,Recommendations from pocket,"I do not like apps that shove unwanted news into my brain, and Firefox is one of them ;(

I wouldn’t mind if it was easy to disable the recommendations, but it was not.",,,meh,
Firefox Web Browser,iOS,989804926,2121526467,Belgium,10.4,3,2018-01-24,Gregory.tunongarcia,Bien mais...,"Les addons me manquent beaucoup le service de synchronisation est super merci au dev domage que vous avez arrêté Firefox os qui est sublime j'adorerais en avoir même si obsolette je l'avais avec B2 gecko droid .Apk avec la sublime version 2.5 un jour je l'acheterais d'occasion car je sais pas où en trouvé mais au sinon merci au développer pour leur acharnement bien placé...
Grégory pseudo Firefox i-Fluttered-Fox",Good but...,The addons miss me a lot sync service is great thanks to the dev damage that you stopped Firefox bone is sublime I would love to have even if obsolete I had it with B2 gecko droid .Apk with the sublime version 2.5 a day I buy it used because I do not know where to find but otherwise thank you to develop for their perseverance well placed ... Grégory pseudo Firefox i-Fluttered-Fox,happy,
Firefox Web Browser,iOS,989804926,2121047071,Japan,10.4,5,2018-01-24,タスクバー,いつもお世話になってます,"以下の点以外は特に文句無い使い勝手です。
というかSyncのおかげで他のブラウザを使う気になれないんですよね。

不満は他アプリで表示されてるリンクをFirefoxで開けない事。
共有メニューに「Firefoxで開く」が欲しいです🤔",Always thank you for your help,"Except for the following points it is useless without complaint. Or, thanks to Sync, I do not feel like using other browsers. Do not be dissatisfied with Firefox to open links displayed by other applications. I want &quot;Open in Firefox&quot; in the share menu です",,
Firefox Web Browser,iOS,989804926,2120883044,Italy,10.4,4,2018-01-24,Dottmda,Finalmente,Finalmente!,Finally,Finally!,,
Firefox Web Browser,iOS,989804926,2120587516,Russia,10.4,1,2018-01-24,Katherine Schwarz,Советы,"1. Сделайте поддержку старых iOS
2. Сделайте блокировку рекламы
3. Измените окно открытых вкладок, это очень неудобно. Возьмите пример с браузера iOS.
После решения этих недочётов, поставлю 5 звёзд",Advice,"1. Make the old iOS 2 support. Make the ad blocking. 3. Change the open tab window, it&#39;s very inconvenient. Take an example from the iOS browser. After solving these shortcomings, I will put 5 stars",,
Firefox Web Browser,iOS,989804926,2119628047,Sweden,10.4,5,2018-01-23,Snokentoken,1000 gånger bättre än safari,"Snabbare snyggare och fler inställningar än safari. Kan skicka vidare tabs från telefon till datorn och vice versa när man antingen är på språng eller kommer hem och vill ha en större skärm att läsa på. Kan byta ut vilken mail som ska öppnas när du klicka på en mail länk på en sida, helt perfekt om du inte vill använda tråkiga mail utan någon bättre, som t.ex spark eller outlook eller airmail.",1000 times better than safari,"Faster nicer and more settings than safari. Can forward tabs from phone to computer and vice versa when either on the go or home and want a larger screen to read. Can replace which mail to open when you click an email link on a page, perfect if you do not want to use boring mail without any better, such as kicks or outlook or airmail.",delighted,
Firefox Web Browser,iOS,989804926,2118946928,Germany,10.4,4,2018-01-23,Pablo Gonzalez Mereides,Verbesserungswürdig,"*iOS 11.2.2 - iPhone 7/ iPad Air 1*

Leider stürzt Firefox im privaten Modus immer ab, sobald man ein Tab schließt und einen neuen öffnet. 
Nervig

++ ab 5.0 ++

Wenn man sich auf einer Seite einloggt und oder in die Tab Übersicht geht, funktioniert die zurück Funktion nicht mehr. Als hätte man einen neuen Tab geöffnet. Furchtbar 
++

Leider ist der Browser ein bisschen langsam und Java Seiten wie Amazon oder eBay wollen die Bilder nicht richtig anzeigen bzw die Bilder lassen sich nicht weiterwischen. 

Außerdem sind die Tabs umständlich gelöst. Im Übersicht Modus ruckelt es ordentlich. 

Umständlich ist auch die Anordnung der Einstellungen. Etwas, das man öfters nutzt, wie das Löschen der History/Cookies, sinkt immer weiter nach unten. 
Sowas gehört höher!

Völlig daneben finde ich die Lösung der Favoriten, denn beim Start des Browsers ist man im History Modus, nicht wie beim Safari im Lesezeichen/ Favoriten Modus. Auch der Favoriten Stern in der unteren Leiste muss weg. Da gehört der Tab Switcher hin, denn immer dafür nach oben zu manövrieren ist umständlich, weil sich die anderen Aktionen unten sind ...

Toll fände ich auch den Browser im privaten Modus starten zu lassen, leider muss man den jedesmal neu aktivieren. 

Generell freue ich mich aber auf den Firefox, wurde er von Mozilla doch anfangs aufgegeben für iOS. Es gibt leider auch noch sehr viel Luft nach oben. 

Ob Apple es Drittanbieter Browser auch erlaubt AddOns wie AdBlocks zu nutzen?",Needs improvement,"* iOS 11.2.2 - iPhone 7 / iPad Air 1 * Unfortunately, Firefox always crashes in private mode as soon as you close a tab and open a new one. Annoying ++ from 5.0 ++ If you log in on a page and or go to the tab overview, the back function does not work anymore. Like having opened a new tab. Terrible ++ Unfortunately, the browser is a bit slow and Java sites like Amazon or eBay do not want to display the images properly or the images can not be wiped. In addition, the tabs are cumbersome. In the overview mode it jerky neat. The arrangement of the settings is also awkward. Something that is often used, such as clearing the history / cookies, continues to fall down. That&#39;s higher! Completely wrong, I find the solution of the favorites, because when you start the browser you are in the history mode, unlike the Safari in Bookmark / Favorites mode. Even the favorite star in the bottom bar has gone. There is the tab switcher, because always maneuvering upwards is cumbersome, because the other actions are below ... Great I would also like to start the browser in private mode, unfortunately, you have to re-activate each time. In general, I&#39;m looking forward to the Firefox, he was initially abandoned by Mozilla for iOS. Unfortunately, there is still a lot of room for improvement. Whether Apple&#39;s third-party browser also allows to use AddOns like AdBlocks?",happy,
Firefox Web Browser,iOS,989804926,2118718493,USA,10.4,3,2018-01-23,Darlamay27,Getting Spam,Most of the time the app works great. Lately every time I open it I get a scam message about a free gift card. Even closing it out completely it comes right back when I open it. Maybe the app needs more security.,,,sad,
Firefox Web Browser,iOS,989804926,2118140626,Japan,10.4,3,2018-01-23,メンテ、メンテ,要望,"トップサイトの並べ替え、ブックマークの整理や書き換えなどが出来るように、お願いします。そうなれば☆5です！
読み込みも早いし、上記の事以外は最高ですよ。",Request,"Please allow sorting of top sites, organizing bookmarks and rewriting etc. That would be ☆ 5! Reading is also fast, except for the above, it is the best.",,
Firefox Web Browser,iOS,989804926,2118039305,USA,10.4,5,2018-01-23,Saleh :),Full motion pictures ( gif )can not be downloaded,"Full motion pictures ( gif )can not be downloaded

Once downloaded, they are fixed",,,,
Firefox Web Browser,iOS,989804926,2115313246,USA,10.4,2,2018-01-22,Crazycook99,Smh It’s better than Safari,"This could be the top web browser except there is one glitch that aggravates the hell outta me. I have a few web pages open under the Firefox browser, I close the app down, go back in a few hrs later and I lost every website window I had open. What’s the point of using this app if this keeps happening.",,,sad,
Firefox Web Browser,iOS,989804926,2115143648,USA,10.4,5,2018-01-22,gustavoizzo,So good so far the best,"The best browser so far and the fastest ive used ill give it a 5 star for easy of use and performance but for the bugs i see like
1. Dark mode doesn’t work
2. Some shuttering 
3. Sometimes it doesn’t load when clicking reload button 
Fix those features above please it’s annoying . But everything is perfect and i like it.",,,happy,
Firefox Web Browser,iOS,989804926,2114491329,USA,10.4,1,2018-01-22,Telephotonc,Dumb browser,"After updating on August 4, I've been getting messages from FB saying my browser doesn't support their app and that I need to update.

I haven’t seen this message again, but since updating three days ago, I can’t use mobile Facebook on the Firefox browser.  I can’t see the photos or the icons, but I can see some text.  I can use the full FB features and see everything on Safari.  Fix Firefox",,,sad,
Firefox Web Browser,iOS,989804926,2113530004,USA,10.4,2,2018-01-22,fjpoblam,Bookmarks not editable AFAIK; can’t “view source”; no “Open in”,"Advantage over Safari? Granular control over what parts of browser data may be purged: JUST history or JUST cookies or JUST cache… (Safari gives you all or nothing). And you can ship “mailto” links elsewhere instead of Mail.

Beyond that, nothing. Can’t edit bookmarks AFAIK. Can’t “view source” (easy with a tricky Safari bookmark).

The Mozilla folk didn’t see fit to register Firefox as an app available in the Share activities (“Open In”). Heck, I can open most stuff even in my Wikipedia reader app. It should be no big deal for Mozilla to get Firefox down in the list.

Bookmarks, view source, open-in: dealbreakers for me.",,,meh,
Firefox Web Browser,iOS,989804926,2113035272,USA,10.4,1,2018-01-21,iamhootis,"Privacy, my rear","Mozilla used to focus on user privacy and didn't just vacuum up user data and sell it to the highest bidder, but that seems to be constantly eroding. Every release appears to add more and more obfuscation to any control the user has (under the guise of more control, HA!) and allows companies like Google, who could care less about any human, to have access. I'm done, good luck Mozilla as you are no better than Chrome now, in my humble opinion.",,,meh,
Firefox Web Browser,iOS,989804926,2111858306,Japan,10.4,5,2018-01-21,Hal3000x,気に入ってます,"iPadとiPhone、Macのすべてで愛用しています。
タブを大量に開いても遅くなりにくく、夜間モードなど意欲的な機能も多く気に入っています。

なお、夜間モード中にアドレスバーなどが白いままだと眩しいので、もう少しコントラストを落としてもらえるとより嬉しいです。

あと大量のタブを開いているとき、よりスムーズに左右のタブに行き来できるUIが追加されると嬉しいです。特にiPadで使用中に画面の上部まで手を伸ばすのが少し不便でして。色々なブラウザが色々なアプローチを試していますが、何か良い方法をよろしくお願いします！",I like it.,"I love it on all of the iPad, iPhone, Mac. Even if you open a large number of tabs, it will not be late, and I like a lot of ambitious features such as night mode. If the address bar etc is still white during night mode, it will be dazzling, so it will be more pleasing to have a bit more contrast. I&#39;m also happy to have added a UI that allows you to go to the right and left tabs more smoothly when a lot of tabs are open. Especially it is a little inconvenient to reach out to the top of the screen while using on iPad. Various browsers are experimenting with various approaches, but thank you for something nice way!",,
Firefox Web Browser,iOS,989804926,2111633661,Japan,10.4,1,2018-01-21,旗本退屈男,リンク付き画像が保存出来ない不具合,"以前、Safari でもあったリンク付き画像が保存出来ない不具合有り。
画像にハイパーリンクが設定されている場合にタップ、または長押しで表示されるメニューに「画像を保存」と「画像をコピー」が表示されない為、画像の保存が出来ないという不具合があります。",Bugged image can not be saved,"There was a problem that it was impossible to save images with links which was also Safari before. When &quot;hyperlink&quot; is set in the image, &quot;Save image&quot; and &quot;Copy image&quot; are not displayed in the menu displayed by tapping or long press, so there is a problem that you can not save images.",,
Firefox Web Browser,iOS,989804926,2110859925,United Kingdom,10.4,3,2018-01-21,BadlandAnonymous,Could be better,"I really wanted to like this as a safari alternative and it generally works okay but can be quite buggy and frustrating. Often the url doesn't match the page you’re on so you can’t copy the address, simple things like bookmarking aren’t clear and accessible whilst the QR code button has prime real estate. Sometimes the window just freezes totally and the whole app needs to be closed. Worth trying out if you like desktop Mozilla.",,,sad,
Firefox Web Browser,iOS,989804926,2109549657,USA,10.4,1,2018-01-20,Dzylon,Ads,"“Ads by Pocket” throughout the UI, I’ve accidentally clicked them twice now.",,,,
Firefox Web Browser,iOS,989804926,2107693788,USA,10.4,3,2018-01-20,dapizzaninja,Missing Features Needed,"I like to see canvas access and fingerprint blocker, and https everywhere. Also, we should be able to arrange and edit bookmarks. 

By the way, I don’t understand the purpose of Touch ID and Passcode? I choose immediately if I close the browser or quit the app, it doesn’t ask for my Touch ID/Passcode. This a bug? 

Come on guys, Brave and SnowHaze are already equipped with the additional security/privacy features I mentioned. Please give us a real update this time.",,,sad,
Firefox Web Browser,iOS,989804926,2107312206,Italy,10.4,5,2018-01-20,Saetta97__,Ottimo!,Con la sincronizzazione con il pc è qualcosa di fantastico! Sarebbe carino però che la modalità notturna fosse attiva anche nelle impostazioni,Great!,"With the synchronization with the PC is something fantastic! It would be nice, however, that the night mode was also active in the settings",meh,
Firefox Web Browser,iOS,989804926,2107272152,France,10.4,4,2018-01-20,valoche_la_brioche,Presque parfait,"Sur le plan de la rapidité c’est parfait. Sur le choix du moteur de recherche également, on peut utiliser Qwant comme moteur de base tout en ajoutant Google ou Wikipedia aux moteurs annexes. Esthétiquement c’est tout aussi joli que la version desktop. La synchronisation fonctionne bien sauf pour l’envoi de liens d’un appareil à l’autre. La seule vraie amélioration à apporter serait de pouvoir personnaliser les barres d’outils (choix des boutons et du nombre de boutons, comme sur une version ordi).",Almost perfect,"In terms of speed it&#39;s perfect. On the choice of the search engine also, we can use Qwant as a basic engine while adding Google or Wikipedia to the additional engines. Aesthetically it&#39;s just as pretty as the desktop version. Synchronization works well except for sending links from one device to another. The only real improvement to be made is to be able to customize the toolbars (choice of buttons and number of buttons, as on a computer version).",,
Firefox Web Browser,iOS,989804926,2106959185,USA,10.4,2,2018-01-20,JT Boggess,iOS version not on par with OS X,Would love to have switched from safari on iPhone/iPad but the bookmarks interface is abysmal. There is no way to keep my favorites/bookmarks on screen (ie .. sidebar) while browsing. It’s a shame as FF has finally  equaled the speed of chrome on macOS (where I have switched) but the favorites issue negates in advantage over safari or chrome on iOS.,,,meh,
Firefox Web Browser,iOS,989804926,2105544579,Poland,10.4,1,2018-01-19,razrone,Zawiesza się,Zawisza się podczas podstawowych czynności,It hangs up,It hangs during basic activities,,
Firefox Web Browser,iOS,989804926,2105330557,USA,10.4,3,2018-01-19,yue_4d,Can not find any way to save pdf,I try to save an opened pdf but there is no option for that at all. This is a very basic function.,,,happy,
Firefox Web Browser,iOS,989804926,2104082096,Germany,10.4,3,2018-01-19,xtraa,Toll aber noch mit Bugs (Januar 2018),"Klasse ist der schnelle Inkognito-Modus, die Bookmarkverwaltung und der Import, aber leider laden viele Seiten bei mir unvollständig: Scrollt man runter, fehlt bei vielen Seiten einfach der Content, u.a. bei Wikipedia. Das geht überhaupt nicht klar und ist so schade, weil ich sonst 5 Sterne geben könnte.",Great but still with bugs (January 2018),"Class is the fast incognito mode, the bookmark management and the import, but unfortunately many pages are incomplete with me: If you scroll down, the content is missing on many pages, including Wikipedia. That is not clear at all and is such a pity, because otherwise I could give 5 stars.",sad,
Firefox Web Browser,iOS,989804926,2102434449,Germany,10.4,1,2018-01-18,lufi77,Ein Schatten seiner selbst,Auch auf dem Mac schon lange eine Katastrophe. Auch dort ist Firefox nicht mehr Standard.,A shadow of itself,"Also on the Mac for a long time a disaster. Again, Firefox is no longer standard.",,
Firefox Web Browser,iOS,989804926,2102380896,USA,10.4,4,2018-01-18,3nd3rB3n,Good browser,This is definitely better then safari but i would add ad-ons (like in computer firefox) because i would love a adblocker.,,,delighted,
Firefox Web Browser,iOS,989804926,2102199171,Germany,10.4,1,2018-01-18,H1,Kein Sync der Bookmarks,...Ziel verfehlt,No sync of bookmarks,... missed target,,
Firefox Web Browser,iOS,989804926,2100971757,USA,10.4,5,2018-01-18,Third Horseman,Best alternative to Safari,"With the lengths the larger companies have done to gather and use personal data this app offers some relief. Unlike the other browsers on the iPhone this isn’t just a safari skin but an improvement, incorporating technology from Firefox’s latest transformation.

After trying opera, chrome, edge, and bing...this is the one to select. You don’t have to take my word for it, just try chrome, safari, and Netscape each for a week and make a decision.",,,happy,
Firefox Web Browser,iOS,989804926,2100966014,USA,10.4,2,2018-01-18,jabce85,Bookmark Sync Problem,Bookmark sync still broken.,,,sad,
Firefox Web Browser,iOS,989804926,2097719169,Latvia,10.4,1,2018-01-17,Ako1234567,Bad last update,"After last update, not all webpage downloads. Therefore cannot read news and texts..",,,sad,
Firefox Web Browser,iOS,989804926,2097596859,Estonia,10.4,1,2018-01-17,asines,Chrome is better,"Not fully functional, cant open images, instead you have to download them to zoom into them, chrome allows you to do it in an instant, cant export bookmarks, so u gotta reenter everything, not easy to use nor get used to, complicated actions",,,meh,
Firefox Web Browser,iOS,989804926,2096623177,Russia,10.4,2,2018-01-17,TheRightMood,Накипело,"Зачем-то половину пунктов отправили под одну кнопку, другую часть под другую. Не понятно. Промотка видео не в полноэкранном режиме способна отправить на предыдущую страницу, если не быть достаточно осторожным. Частые глюки и зависания. Раньше другого браузера кроме Firefox для меня не существовало, но с каждым обновлением все больше и больше разочарования.",Nakipelo,"For some reason, half of the items were sent under one button, another part under another. Unclear. Rewind the video is not in full screen mode is able to send to the previous page, if not be careful. Frequent glitches and hangs. Previously, there was no other browser except Firefox for me, but with each update, more and more frustration.",,
Firefox Web Browser,iOS,989804926,2095964827,USA,10.4,1,2018-01-16,Dlawson93,Page not loading correctly,Whenever I do a google search or visit a website I can only view half of the page,,,,
Firefox Web Browser,iOS,989804926,2095664956,USA,10.4,3,2018-01-16,INC㋡GNITO,Часто вылетает,"Ещё не корректно работает с некоторыми сайтами, например с Drive2.ru. Пока пишешь там пост, приложение может подвиснуть или вылететь, и часовой труд написания поста - насмарку. Протестировано на iPad Pro. Исправьте.",Often crashes,"It does not work correctly with some sites, for example with Drive2.ru. While writing a post there, the application can hang or fly, and the hour labor of writing the post is a nuisance. Tested on iPad Pro. Correct.",,
Firefox Web Browser,iOS,989804926,2095593052,France,10.4,4,2018-01-16,Mikezik,Le mode bureau ?,"Le mode desktop a disparu sur Iphone c'est bien dommage , d'autant plus que l'option existe pour l'iPad",Office mode?,"The desktop mode is gone on Iphone it&#39;s a shame, especially since the option exists for the iPad",,
Firefox Web Browser,iOS,989804926,2094737148,United Kingdom,10.4,3,2018-01-16,JamesEM2013,Seems slower than Safari,"I prefer the browser features, and also like to use safari for my bookmarks for easy quick access to important sites like tube status update. Performance of Firefox is quite slow on my iPhone 5s compared with Safari. I am not sure if i will continue using, but most likely will because i use different browsers for different purposes. I hope Firefox improves performance.",,,happy,
Firefox Web Browser,iOS,989804926,2094702952,Germany,10.4,5,2018-01-16,Derinspektor,Läuft perfekt,Läuft reibungslos und ist um einiges schneller als Safari. Macht weiter so.,Runs perfectly,Runs smoothly and is a lot faster than Safari. Keep it up.,,
Firefox Web Browser,iOS,989804926,2093859646,USA,10.4,4,2018-01-16,Hessam Saeb,A quicker way to clear history needed,"Dear sirs/madams
Your app is good and you know it what I want to suggest is to put a button in history for clearing it not to go through all the headaches which is going to settings then clear private data and finally be able to clear it, there of course must be a lot quicker way to do that right? Let’s see how you gonna pay attention to this matter, thanks anyway ✌🏻",,,meh,
