,Store,Source,Date,Version,Rating,Original Reviews,Translated Reviews,Sentiment,Components,Features,Keywords,Verb Phrases,Noun Phrases,Actions
0,iOS,Appbot,2017-11-17,10.2,1.0,"Ğ£Ğ¶Ğ°ÑĞ½Ğ¾!. Ğ¡Ğ¼ĞµĞ½Ğ¸Ñ‚Ğµ Ñ„Ğ¾Ğ½ Ñƒ Ğ¸ĞºĞ¾Ğ½ĞºĞ¸: ÑƒĞ±ĞµÑ€Ğ¸Ñ‚Ğµ Ñ‡ĞµÑ€Ğ½Ñ‹Ğ¹!!! 
Ğ£Ğ¶Ğ°ÑĞ½Ğ¾ Ñ‚Ğ¾Ñ€Ğ¼Ğ¾Ğ·Ğ¸Ñ‚ Ğ¿Ñ€Ğ¸ Ğ½Ğ°Ğ±Ğ¾Ñ€Ğµ Ğ¿Ğ¾Ğ¸ÑĞºĞ¾Ğ²Ğ¾Ğ³Ğ¾ Ğ·Ğ°Ğ¿Ñ€Ğ¾ÑĞ° Ğ¿Ñ€Ğ¸ Ğ¾Ñ‚ĞºĞ»ÑÑ‡ĞµĞ½Ğ½Ñ‹Ñ… Ğ¿Ñ€ĞµĞ´Ğ»Ğ¾Ğ¶ĞµĞ½Ğ¸ÑÑ… Ğ¿Ğ¾Ğ¸ÑĞºĞ¾Ğ²Ñ‹Ñ… ÑĞ¸ÑÑ‚ĞµĞ¼. Ğ Ğ°Ğ½ÑŒÑˆĞµ Ñ‚Ğ°ĞºĞ¾Ğ³Ğ¾ Ğ½Ğµ Ğ±Ñ‹Ğ»Ğ¾.","Terrible!. Change the background of the icon: remove the black !!! Terribly hampered when typing a search query with disconnected offers of search engines. Previously, this was not.",Negative,"'Firefox Browser', 'Default search engine', 'Default search engine', 'Default search engine'","'General', 'Settings', 'Settings', 'Settings'","icon, search engine, engine, search","Change the background of the icon, remove the black Terribly, typing a search query with disconnected offers of search engines","the background, the icon, the black Terribly, a search, query, disconnected offers, search, engines","'Change the background of the icon', 'typing a search query with disconnected offers of search engines', 'typing a search query with disconnected offers of search engines', 'typing a search query with disconnected offers of search engines'"
1,iOS,Appbot,2017-11-17,10.2,3.0,New update ruined it. Not only did the update make the app significantly slower but the new changed button layout seems inconvenient and unnatural.,New update ruined it. Not only did the update make the app significantly slower but the new changed button layout seems inconvenient and unnatural.,Negative,"'Firefox Browser', 'Firefox Browser', 'Firefox Browser'","'General', 'General', 'General'","Update, button, app","did the update, make the app, new changed button layout","New, update, the update, the app, button, layout","'did the update', 'new changed button layout', 'make the app'"
2,iOS,Appbot,2017-11-17,10.2,5.0,built in dark mode is nice. I like it,built in dark mode is nice. I like it,Positive,'Night Mode','Settings',dark mode,built in dark mode,dark mode,'built in dark mode'
3,iOS,Appbot,2017-11-16,10.2,1.0,"Remove the ads. ""We've added a new look"" aka we sold out and added ads. Your browser is actually so good that I'd be happy to pay a small fee for the removal of them. At least have the decency and give us that option.","Remove the ads. ""We've added a new look"" aka we sold out and added ads. Your browser is actually so good that I'd be happy to pay a small fee for the removal of them. At least have the decency and give us that option.",Negative,"'Firefox Browser', 'Tracking Protection'","'General', 'Privacy/Security'","look, ads","Remove the ads, added a new look, added ads, pay a small fee for the removal, have the decency","the ads, a new look, ads, browser, a small fee, the removal, the decency, that option","'added a new look', 'Remove the ads', 'added a new look', 'added ads'"
4,iOS,Appbot,2017-11-16,10.2,5.0,Excellent!. Oh how I like the new Firefox that is faster and better than ever! My default browser on macOS and the preferred one on iOS. Well done Mozilla!,Excellent!. Oh how I like the new Firefox that is faster and better than ever! My default browser on macOS and the preferred one on iOS. Well done Mozilla!,Positive,"'Firefox Browser', 'Firefox Browser'","'General', 'General'","Firefox, Like","like the new Firefox, done Mozilla","Excellent, the new Firefox, My, default, browser, macOS, the preferred one, iOS, Mozilla","'like the new Firefox', 'like the new Firefox'"
5,iOS,Appbot,2017-11-16,10.2,1.0,How to Get Rid of Pocket?. How do I get rid of the so-called Pocket feature?  It doesn't even display websites I'm interested in.  I WANT TO CONTROL MY HOME PAGE!!!,How to Get Rid of Pocket?. How do I get rid of the so-called Pocket feature?  It doesn't even display websites I'm interested in.  I WANT TO CONTROL MY HOME PAGE!!!,Negative,"'Pocket', 'Home page', 'Page'","'New Tab', 'Settings', 'Utilities'","pocket, home page, page","Get Rid of Pocket, display websites, CONTROL MY HOME PAGE","Rid, Pocket, called Pocket, feature, websites, MY, HOME, PAGE","'Get Rid of Pocket', 'CONTROL MY HOME PAGE', 'CONTROL MY HOME PAGE'"
6,iOS,Appbot,2017-11-16,10.2,5.0,"GefÃ¤llt mir. Insgesamt brauchbar, auch wenn ihr und da noch etwas verbessert werden kÃ¶nnte.","GefÃ¤llt mir. All in all useful, even if you could improve something there and there.",Positive,'Firefox Browser','General',Use,improve something,"GefÃ¤llt, mir, something",'in all useful'
7,iOS,Appbot,2017-11-16,10.2,1.0,Bookmarks and top sites donâ€™t work. Pinning sites to top sites and adding bookmarks arenâ€™t working properly. Instead of a bookmark bringing me to a site it brings me to the google search for the site. Pinning to top sites just doesnâ€™t work at all. Two fundamental browser functions that are broken. Deleted until fixed. Going back to chrome I guess.,Bookmarks and top sites donâ€™t work. Pinning sites to top sites and adding bookmarks arenâ€™t working properly. Instead of a bookmark bringing me to a site it brings me to the google search for the site. Pinning to top sites just doesnâ€™t work at all. Two fundamental browser functions that are broken. Deleted until fixed. Going back to chrome I guess.,Negative,"'Bookmark', 'Top Sites', 'Tracking Protection'","'Bookmark', 'New Tab', 'Privacy/Security'","bookmark, Top site, ads","don t work, Pinning sites, top sites, adding bookmarks, top sites, doesn t work","Bookmarks, top sites, t work, sites, sites, bookmarks, a bookmark, a site, the google, search, the site, sites, t work, fundamental browser, functions","'adding bookmarks', 'top sites', 'top sites', 'adding bookmarks'"
8,iOS,Appbot,2017-11-16,10.2,1.0,"Absolut hÃ¤sslich .... Die Windows Version habt ihr toll hinbekommen. Ich habe Chrome deinstalliert. 
Aber an der IOS Version finde ich das Design Mega hÃ¤sslich. Die SchaltflÃ¤chen und leisten oben und unten stehen im Vordergrund und sehen aus wie als wÃ¤ren sie fÃ¼r Rentner gemacht. Safari ist viel Moderner.",Absolutely ugly .... The Windows version you have done great. I uninstalled Chrome. But on the IOS version I find the design mega ugly. The buttons and afford up and down are in the foreground and look like they were made for retirees. Safari is a lot of modern.,Neutral,"'Firefox Browser', 'Firefox Browser'","'General', 'General'","design, chrome","uninstalled Chrome, find the design, are in the foreground, made for retirees, is a lot","The Windows, version, Chrome, the IOS, version, the design, The buttons, the foreground, retirees, Safari, a lot","'find the design', 'uninstalled Chrome'"
9,iOS,Appbot,2017-11-16,10.2,1.0,Menus trop gros. Depuis la derniÃ¨re mise Ã  jour le contours des boutons de lâ€™application sont trop gros.,Menus too big. Since the last update the contours of the application buttons are too big.,Negative,'Firefox Browser','General',button,,"Menus, the contours, the application, buttons",'the last update the contours of the application buttons'
10,iOS,Appbot,2017-11-16,10.1,1.0,"Needs an adblocker. And please un-include pocket. Their trending advertorials are of no interest or relevance, just clutter.","Needs an adblocker. And please un-include pocket. Their trending advertorials are of no interest or relevance, just clutter.",Negative,'Pocket','New Tab',pocket,"un include pocket, are of no interest","Needs, an adblocker, pocket, trending, advertorials, no interest, relevance, clutter",'un include pocket'
11,iOS,Appbot,2017-11-16,10.1,4.0,"Good update but.... Firefox has definitely improved its UI with the new update. I like the 'night mode' option that is much better now compared to the old that simply dimmed the brightness. There still needs to be a way to edit bookmarks and create folders to them... so that this iOS app is as useful as the desktop version. Also needs to add a way to use Find in PDFs. 

Issue (as of Nov 11 2017): Sometimes images get messed up when scrolling in night mode. 

It would be really cool if the 'containers' feature on the desktop Firefox was added to iOS's version; that would really set iOS's Firefox apart as a great browser. I realize iOS has restrictions so addons might not be allowed by Apple in Firefox; although, those would be really cool too. I hope the developers will take note of this review and I appreciate the open-source and transparent philosophy Firefox has supported over the years.","Good update but.... Firefox has definitely improved its UI with the new update. I like the 'night mode' option that is much better now compared to the old that simply dimmed the brightness. There still needs to be a way to edit bookmarks and create folders to them... so that this iOS app is as useful as the desktop version. Also needs to add a way to use Find in PDFs. 

Issue (as of Nov 11 2017): Sometimes images get messed up when scrolling in night mode. 

It would be really cool if the 'containers' feature on the desktop Firefox was added to iOS's version; that would really set iOS's Firefox apart as a great browser. I realize iOS has restrictions so addons might not be allowed by Apple in Firefox; although, those would be really cool too. I hope the developers will take note of this review and I appreciate the open-source and transparent philosophy Firefox has supported over the years.",Positive,"'Bookmark', 'Firefox Browser', 'Firefox Browser', 'Firefox Browser', 'Firefox Browser', 'Firefox Browser', 'Firefox Browser', 'Firefox Browser', 'Night Mode', 'Night Mode'","'Bookmark', 'General', 'General', 'General', 'General', 'General', 'General', 'General', 'Settings', 'Settings'","bookmark, Firefox, Like, Use, Open, support, addon, version, Night, night mode","like the night mode option, dimmed the brightness, be a way, edit bookmarks, add a way, use Find in PDFs Issue, scrolling in night mode, feature on the desktop Firefox, iOS s version, set iOS s Firefox, realize iOS, has restrictions so addons, allowed by Apple in Firefox, hope the developers, take note of this review, appreciate the open source, supported over the years","Good update, Firefox, UI, the new update, the night, mode, option, the brightness, a way, bookmarks, create, folders, this iOS, app, the desktop, version, a way, Find, PDFs, Issue, Nov, Sometimes, images, night, mode, the containers, the desktop, Firefox, s version, iOS, s Firefox, a great browser, iOS, restrictions, addons, Apple, Firefox, the developers, note, this review, the open source, transparent, philosophy, Firefox, the years","'edit bookmarks', 'feature on the desktop Firefox', 'set iOS s Firefox', 'allowed by Apple in Firefox', 'like the night mode option', 'use Find in PDFs Issue', 'appreciate the open source', 'supported over the years', 'has restrictions so addons', 'iOS s version', 'like the night mode option', 'scrolling in night mode', 'like the night mode option', 'scrolling in night mode'"
12,iOS,Appbot,2017-11-16,10.1,5.0,"DerniÃ¨re mise Ã  jour trÃ¨s performante !. Depuis la derniÃ¨re mise Ã  jour, le navigateur est devenu trÃ¨s performant ! De plus l'interface est vraiment gÃ©niale, et adhÃ¨re un style vraiment tendance !","Last update very powerful!. Since the last update, the browser has become very efficient! Plus the interface is really great, and adheres a style really trendy!",Positive,"'Firefox Browser', 'Firefox Browser'","'General', 'General'","Browser, interface",adheres a style,"the browser, the interface, a style","'update, the browser', 'Plus the interface'"
13,iOS,Appbot,2017-11-16,10.1,1.0,"Lost all my tabs. Every time they have a major update, it closes all your tabs and you canâ€™t get them back. Also, they send out updates a lot. Not every update did it, but after about the 3rd time, I gave up and went back to Safari.","Lost all my tabs. Every time they have a major update, it closes all your tabs and you canâ€™t get them back. Also, they send out updates a lot. Not every update did it, but after about the 3rd time, I gave up and went back to Safari.",Negative,'Firefox Browser','General',Update,"have a major update, updates a lot","tabs, Every time, a major update, tabs, a lot, every update, time, Safari","'have a major update', 'updates a lot'"
14,iOS,Appbot,2017-11-16,10.1,1.0,Done with Firefox. You can stick your garbage browser where the sun don't shine.,Done with Firefox. You can stick your garbage browser where the sun don't shine.,Negative,"'Firefox Browser', 'Firefox Browser'","'General', 'General'","Firefox, Browser",,"Done, Firefox, garbage, browser, the sun, don, t, shine","'Done with Firefox', 'your garbage browser'"
15,iOS,Appbot,2017-11-16,10.1,2.0,"Integration with password apps is terrible. I am a big fan of 1Password, and it integrates with browsers through the share menu, which unfortunately in Firefox it is 2 clicks away, which might not sound bad, but when you are used to having it available all the time, it feels slow and cumbersome.","Integration with password apps is terrible. I am a big fan of 1Password, and it integrates with browsers through the share menu, which unfortunately in Firefox it is 2 clicks away, which might not sound bad, but when you are used to having it available all the time, it feels slow and cumbersome.",Negative,"'Firefox Browser', 'Firefox Browser', 'Firefox Browser'","'General', 'General', 'General'","Browser, menu, integration","am a big fan, integrates with browsers through the share menu","Integration, password, apps, a big fan, browsers, the share, menu, Firefox, clicks, the time, cumbersome","'integrates with browsers through the share menu', 'integrates with browsers through the share menu', 'integrates with browsers through the share menu'"
16,iOS,Appbot,2017-11-16,10.1,4.0,"Some problems. 1. Canâ€™t resize text with two fingers for some webpages
2. White web page after changing active tab to another","Some problems. 1. Canâ€™t resize text with two fingers for some webpages
2. White web page after changing active tab to another",Neutral,'Tabs','Tabs',Tab,changing active tab,"Some problems, fingers, some webpages, White, web, page, active tab",'changing active tab'
17,iOS,Appbot,2017-11-16,10.1,2.0,Address bar as slow as it gets. All is in the title... use the address bar to make a search on google. Firefox will browse through your historic as well and show them as you are typing and ...man this takes forever. You canâ€™t even disable this Â« feature Â». Went back to safari. Much smoother there.,Address bar as slow as it gets. All is in the title... use the address bar to make a search on google. Firefox will browse through your historic as well and show them as you are typing and ...man this takes forever. You canâ€™t even disable this Â« feature Â». Went back to safari. Much smoother there.,Neutral,"'Default search engine', 'Default search engine'","'Settings', 'Settings'","google, search","is in the title, make a search on google","Address, bar, the title, the address, bar, a search, google, Firefox, historic, man, this feature, Went","'make a search on google', 'make a search on google'"
18,iOS,Appbot,2017-11-16,10.1,1.0,????. Flash Ğ¿Ğ¾Ğ´Ğ´ĞµÑ€Ğ¶Ğ¸Ğ²Ğ°ĞµÑ‚?,????. Does Flash support?,Neutral,'Firefox Browser','General',support,Does Flash support,"Flash, support",'Does Flash support'
19,iOS,Appbot,2017-11-16,10.1,4.0,"Not interested in recommendations. The default home page has too much junk on it and I need the option to turn stuff off.
Pocket recommendations - Off
Frequently visited sites - Off
Home screen - blank - great

Update .. thanks for the follow up- just what I was looking for!","Not interested in recommendations. The default home page has too much junk on it and I need the option to turn stuff off.
Pocket recommendations - Off
Frequently visited sites - Off
Home screen - blank - great

Update .. thanks for the follow up- just what I was looking for!",Neutral,'Firefox Browser','General',Update,"need the option, visited sites Off Home screen, blank great Update","recommendations, The default, home, page, much junk, the option, Pocket, recommendations, Off, sites, Off, Home, screen, great Update, thanks",'blank great Update'
20,iOS,Appbot,2017-11-16,10.1,4.0,Resize text problem. Canâ€™t resize text with two fingers for some webpages,Resize text problem. Canâ€™t resize text with two fingers for some webpages,Negative,"'Page', 'Text'","'Utilities', 'Utilities'","webpage, text",,"Resize, text, problem, fingers, some webpages","'for some webpages', 'Resize text', 't resize text'"
21,iOS,Appbot,2017-11-16,10.1,3.0,"Firefoxä¸Firefox Focuså·®åˆ«. å…ˆè¯´ä¸€å¥ï¼Œæµè§ˆå™¨æœ¬èº«ç›ˆåˆ©éš¾ï¼Œå¯æ˜¯ä¹Ÿéœ€è¦èµ°å¿ƒã€‚
ç«ç‹æµè§ˆå™¨æ‰‹æœºç‰ˆå„æœ‰åƒç§‹ï¼Œå…ˆè¯´focusã€‚å®ƒçš„ç•Œé¢å¹²å‡€ç®€æ´ï¼Œå¯ç¼ºä¹åŠŸèƒ½ã€‚ä¸èƒ½ç»™PCç«¯æ¨é€ç½‘é¡µä¸è¯´ï¼Œç™»é™†æµè§ˆç½‘é¡µæ”¶è—éƒ½ä¸è¡Œï¼Œé€€å‡ºæµè§ˆå™¨åä¸èƒ½è®°ä½ï¼Œé€€å‡ºå‰æœªå…³é—­é¡µé¢ã€‚

å®ƒçš„ä¼˜ç‚¹åªæœ‰å¹²å‡€ç®€æ´ã€‚

è€Œä¼ ç»Ÿçš„æµè§ˆå™¨ï¼Œä¸é”™è¯¥æœ‰çš„éƒ½æœ‰äº†ã€‚å¯æ˜¯æ–°å»ºé¡µé¢å¹¿å‘Šç‰¹åˆ«å¤šã€‚å’Œå¸‚é¢ä¸Šçš„å¤§å¤šæ•°æµè§ˆå™¨ä¸€æ ·ï¼Œé¦–é¡µåŠ è½½ä¸€å †æœ‰çš„æ²¡çš„æ–°é—»ï¼Œå°¤å…¶æ˜¯å¶å°”è¿˜è¦å¹¿å‘Šæ··åœ¨å…¶ä¸­ã€‚

å®ƒçš„ä¼˜ç‚¹åªæ˜¯åŠŸèƒ½è¾ƒä¸ºå¥å…¨ï¼ˆè¿å®‰å“ç‰ˆçš„æ’ä»¶éƒ½æ²¡æœ‰ï¼‰ï¼Œæ¨é€ç½‘é¡µæœ‰æ—¶è¿˜æœ‰ä¸€åˆ†å¤šé’Ÿçš„å»¶æ—¶","Firefox and Firefox Focus difference. First to say, the browser itself profit difficult, but also need to worry. Firefox browser version has its advantages and disadvantages, first focus. Its interface is clean and concise, lacking in functionality. Can not push the page to the PC side does not say, visit the webpage collection will not work, quit the browser can not remember, did not close the page before exiting. Its advantages are clean and concise. The traditional browser, it is true that some have it. However, many new page ads in particular. Like most browsers in the market, the home page loads a bunch of unwanted news, especially if it is occasionally advertised. Its advantage is only more functional (even the Android version of the plug-ins are not), push the web sometimes have more than a minute delay",Positive,"'Firefox Browser', 'Page', 'Page'","'General', 'Utilities', 'Utilities'","Browser, page, webpage","say the browser, push the page, say visit the webpage collection, close the page, loads a bunch of unwanted news","Firefox, Firefox, Focus, difference, the browser, profit, Firefox, browser, version, advantages, disadvantages, interface, concise, lacking, functionality, the page, the PC, side, the webpage, collection, the browser, the page, advantages, concise, The traditional browser, many new page, ads, browsers, the market, the home, page, a bunch, unwanted news, advantage, the Android, version, the plug, ins, the web, a minute, delay","'say the browser', 'push the page', 'close the page', 'say visit the webpage collection'"
22,iOS,Appbot,2017-11-16,10.1,3.0,è¯·å¢åŠ å¼ºåˆ¶æ¡Œé¢ç‰ˆåŠŸèƒ½. å¾ˆå¤šé¡µé¢æ£€æµ‹åˆ°æ‰‹æœºä¹‹åå†ç”¨æ¡Œé¢ç‰ˆåˆ‡ä¸è¿‡å»ï¼Œå®åœ¨æ˜¯éº»çƒ¦ï¼Œä¹‹å‰è¿˜èƒ½ç”¨çš„,"Please increase the mandatory desktop version. Many pages detect the phone and then use the desktop version of the past, it is troublesome, can be used before",Negative,"'Firefox Browser', 'Firefox Browser'","'General', 'General'","Use, version","increase the mandatory desktop version, detect the phone, use the desktop version","the mandatory desktop, version, Many pages, the phone, the desktop version","'use the desktop version', 'increase the mandatory desktop version', 'use the desktop version'"
23,iOS,Appbot,2017-11-16,10.1,5.0,"Cant open it since the last upgrade of the app. Check the bugs on the app. I cant open it on my ios 11.xx
Thanks","Cant open it since the last upgrade of the app. Check the bugs on the app. I cant open it on my ios 11.xx
Thanks",Negative,'Firefox Browser','General',app,Check the bugs on the app,"the last upgrade, the app, the bugs, the app, ios, xx Thanks",'Check the bugs on the app'
24,iOS,Appbot,2017-11-16,10.1,1.0,"Bad Update I didn't ask for. I never updated this app. It updates itself even though none of my apps are set to automatic update. For that alone, I am disillusioned with Firefox. It's supposed to be private but forced an update on my phone. And it's not private!!! I don't want this is the ""private mode""! On top of all of that, it barely loads pages anymore. It's so slow I don't even want to use it. Thanks Firefox! For caving to non privacy and Google just like all of the other browsers! ğŸ˜¡","Bad Update I didn't ask for. I never updated this app. It updates itself even though none of my apps are set to automatic update. For that alone, I am disillusioned with Firefox. It's supposed to be private but forced an update on my phone. And it's not private!!! I don't want this is the ""private mode""! On top of all of that, it barely loads pages anymore. It's so slow I don't even want to use it. Thanks Firefox! For caving to non privacy and Google just like all of the other browsers! ğŸ˜¡",Negative,"'Firefox Browser', 'Firefox Browser', 'Firefox Browser', 'Private Mode', 'Private Mode', 'Private Mode', 'Page'","'General', 'General', 'General', 'Privacy/Security', 'Privacy/Security', 'Privacy/Security', 'Utilities'","Firefox, Update, app, private mode, private, privacy, page","didn t ask, updated this app, disillusioned with Firefox, forced an update, is the private mode On top, loads pages, non privacy","Bad, Update, t ask, this app, none, apps, automatic update, Firefox, an update, phone, the private mode, top, pages, Thanks, Firefox, privacy, Google, the other browsers","'disillusioned with Firefox', 'updated this app', 'forced an update', 'updated this app', , 'is the private mode On top', 'non privacy', 'loads pages'"
25,iOS,Appbot,2017-11-16,10.1,4.0,Velocidad en internet. Si se ha superado la velocidad en internet lo calificarÃ­a con 5 estrellas,Speed â€‹â€‹on the internet. If you have exceeded the speed on the internet I would rate it with 5 stars,Positive,Others,Others,,exceeded the speed on the internet,"Speed, the internet, the speed, the internet, rate, stars",
26,iOS,Appbot,2017-11-16,10.1,5.0,Great alternative to Safari!. This is a great alternative to safari for those interested in private browsing!,Great alternative to Safari!. This is a great alternative to safari for those interested in private browsing!,Positive,'Private Mode','Privacy/Security',private,,"Great, private browsing",'interested in private'
27,iOS,Appbot,2017-11-16,10.1,5.0,Einfach nur super.... Firefox lÃ¤uft sehr schnell und stabil. Jedes Update bringt Verbesserungen und Firefox wird immer besser. Ein groÃŸes Lob an die Entwickler ğŸ‘ Bitte macht weiter so !,Simply superb .... Firefox runs very fast and stable. Every update brings improvements and Firefox is getting better. Kudos to the developers ğŸ‘ Please keep up the good work!,Positive,"'Firefox Browser', 'Firefox Browser'","'General', 'General'","Firefox, Update",keep up the good work,"Simply, superb, Firefox, Every update brings, improvements, Firefox, Kudos, the developers, Please, the good work","'Firefox', 'improvements and Firefox', 'Every update'"
28,iOS,Appbot,2017-11-16,10.1,2.0,Terrible UI. Much less user friendly than Safari and quite ugly too.,Terrible UI. Much less user friendly than Safari and quite ugly too.,Negative,"'Firefox Browser', 'Firefox Browser'","'General', 'General'","ui, safari",,"Terrible UI, Safari","'Terrible UI', 'friendly than Safari'"
29,iOS,Appbot,2017-11-16,10.1,5.0,å‰ã‚ˆã‚Šã„ã„. good,And better than before. Good,Positive,Others,Others,,,,
30,iOS,Appbot,2017-11-16,10.1,4.0,"Best browser, but not by much.. Firefox has to be my favorite browser for iOS.

That said... the new update leaves me a bit annoyed:

I loved having the new tab button on the URL bar, but itâ€™s at the bottom now. 

The â€œreader modeâ€ button shouldnâ€™t be on the URL bar either... Iâ€™ve hit it whole browsing when I didnâ€™t want to.

Lastly, PLEASE give us an option to disable this â€œPocketâ€ rubbish! Itâ€™s basically officially-supported clickbait; one of the worst additions to a browser add-on ever.","Best browser, but not by much.. Firefox has to be my favorite browser for iOS.

That said... the new update leaves me a bit annoyed:

I loved having the new tab button on the URL bar, but itâ€™s at the bottom now. 

The â€œreader modeâ€ button shouldnâ€™t be on the URL bar either... Iâ€™ve hit it whole browsing when I didnâ€™t want to.

Lastly, PLEASE give us an option to disable this â€œPocketâ€ rubbish! Itâ€™s basically officially-supported clickbait; one of the worst additions to a browser add-on ever.",Neutral,"'Firefox Browser', 'Pocket', 'Tabs', 'Link/URL'","'General', 'New Tab', 'Tabs', 'Utilities'","button, pocket, Tab, URL","having the new tab button on the URL bar, s at the bottom, be on the URL bar either, disable this Pocket","Best, browser, Firefox, favorite browser, iOS, the new update, a bit, the new tab, button, the URL, bar, the bottom, The reader, mode, button, shouldn, t, the URL, bar, either, PLEASE, an option, this Pocket, additions, a browser, add","'having the new tab button on the URL bar', 'disable this Pocket', 'having the new tab button on the URL bar', 'having the new tab button on the URL bar', 'be on the URL bar either'"
31,iOS,Appbot,2017-11-16,10.1,5.0,Genial. El mejor navegador,Brilliant. The best browser,Positive,'Firefox Browser','General',Browser,,"Brilliant, browser",'The best browser'
32,iOS,Appbot,2017-11-16,10.1,5.0,Love Photon and speed update !. New look is great! And browser much smoother and faster. Great work!,Love Photon and speed update !. New look is great! And browser much smoother and faster. Great work!,Positive,"'Firefox Browser', 'Firefox Browser'","'General', 'General'","Update, look",,"Love, Photon, speed, update, New, look, Great, work","'and speed update', 'New look'"
33,iOS,Appbot,2017-11-16,10.1,4.0,ä¹¦ç­¾æ”¹å. å¸Œæœ›ä¹¦ç­¾èƒ½ä¿®æ”¹åç§°,Bookmarks renamed. Hope bookmarks can change the name,Neutral,'Bookmark','Bookmark',bookmark,change the name,"Bookmarks, Hope, bookmarks, the name","'Bookmarks', 'Hope bookmarks'"
34,iOS,Appbot,2017-11-16,10.1,3.0,"æ›¸ç±¤åç¨±. 1.ç›®å‰æ›¸ç±¤åç¨±ç„¡æ³•ä¿®æ”¹ï¼Œæ˜¯å¦é–‹æ”¾çµ¦ä½¿ç”¨è€…è‡ªè¨‚åç¨±ï¼
2.åˆ†é æ¨™é¡Œåˆ—é–‹å¾ˆå¤šå€‹ï¼Œåˆ†é æ¨™é¡Œæ˜¯å¦è¨­è¨ˆæˆå¯è‡ªå‹•ç¸®å°ï¼Œ
    æ²’æœ‰ä¿®æ”¹ã€‚ç”¨ä¸å¤ªç¿’æ…£ï¼","Bookmark name. 1. The current bookmark name can not be modified, is open to users to customize the name! 2. Paging title to open a lot of columns, paging header is designed to be automatically reduced, without modification. Not used to use!",Neutral,"'Firefox Browser', 'Page'","'General', 'Utilities'","Open, page","customize the name, Paging title, open a lot of columns, paging header, reduced without modification","Bookmark, name, The current bookmark, name, users, the name, title, a lot, columns, header, modification","'open a lot of columns', 'Paging title', 'paging header'"
35,iOS,Appbot,2017-11-16,10.1,3.0,ä¸èƒ½ç™»å½•åŒæ­¥. å¦‚é¢˜ï¼Œæ€»æ˜¯æ˜¾ç¤ºâ€œæ„å¤–é”™è¯¯â€ï¼Œé‚®ç®±éªŒè¯ä¹Ÿé€šè¿‡äº†ï¼Œå°±æ˜¯ç™»å½•ä¸äº†ï¼Œæ— è¯­äº†ï¼,"Can not log in to sync. Such as the title, always shows &quot;accidental error&quot;, mailbox authentication also passed, that is, can not log in, speechless!",Negative,"'Logins', 'Save Logins'","'Privacy/Security', 'Settings'","log in, save log in","shows quot accidental error quot mailbox authentication, log in speechless","the title, quot accidental error, quot, mailbox, authentication, speechless","'log in speechless', "
36,iOS,Appbot,2017-11-16,10.1,5.0,Good UI. This new update is really great...the UI is so easy to use and navigate...just keep the UI like this..it great,Good UI. This new update is really great...the UI is so easy to use and navigate...just keep the UI like this..it great,Positive,'Firefox Browser','General',ui,keep the UI,"Good UI, This new update, the UI, the UI",'keep the UI'
37,iOS,Appbot,2017-11-16,10.1,5.0,Toujours au top. Rien Ã  redire toujours au top,Always on top. Nothing to complain always on top,Positive,Others,Others,,,"Always, top, top",
38,iOS,Appbot,2017-11-16,10.1,1.0,Bug. This new version makes iPhone stop playing music at random. Fix this!,Bug. This new version makes iPhone stop playing music at random. Fix this!,Negative,'Firefox Browser','General',version,,"Bug, This new version, stop playing, music, random",'This new version'
39,iOS,Appbot,2017-11-16,10.1,5.0,Awesome new look. Just love the new look for Firefox ! Super work guysğŸ‘,Awesome new look. Just love the new look for Firefox ! Super work guysğŸ‘,Positive,"'Firefox Browser', 'Firefox Browser'","'General', 'General'","Firefox, look",love the new look for Firefox Super work guys,"Awesome, new look, the new look, Firefox, Super, work, guys","'love the new look for Firefox Super work guys', 'love the new look for Firefox Super work guys'"
